control_deg,FX_N,FY_N,FZ_N,MX_Nm,MY_Nm,MZ_Nm,P_kW,stall_span_pct,stall_margin_pct,reverse_flow_pct,M_adv,M_adv_margin
-8.0,-118.25206532264262,593.6898954807875,-3774.878486040987,-1763.4028374156005,17868.097341303062,918.9661893163084,36.08771786566903,75.0,-50.0,0.0,0.6625997114388169,0.057400288561183066
-7.0,-117.37310832346475,528.2823057693026,-3778.8965954914497,-1763.4598683283505,16080.068979025738,920.6685305895071,36.154568651141325,60.0,-35.0,0.0,0.6625997114388169,0.057400288561183066
-6.0,-116.74219008071087,462.86866952783066,-3782.7002816486374,-1763.5033878544855,14292.212969825125,935.4353543863931,36.73446046560573,25.0,0.0,0.0,0.6625997114388169,0.057400288561183066
-5.0,-116.35931059438091,397.4489867563727,-3786.2895445125546,-1763.5333959940035,12504.529313701207,963.2666607069658,37.8273933090622,2.5,22.5,0.0,0.6625997114388169,0.057400288561183066
-4.0,-116.22446986447478,332.02325745492857,-3789.664384083194,-1763.549892746905,10717.018010653994,1004.1624495512254,39.433367181510775,2.5,22.5,0.0,0.6625997114388169,0.057400288561183066
-3.0,-116.33766789099265,266.59148162349817,-3792.8248003605586,-1763.5528781131918,8929.67906068349,1058.122720919172,41.552382082951425,2.5,22.5,0.0,0.6625997114388169,0.057400288561183066
-2.0,-116.69890467393432,201.15365926208145,-3795.7707933446477,-1763.5423520928614,7142.512463789688,1125.1474748108055,44.184438013384174,2.5,22.5,0.0,0.6625997114388169,0.057400288561183066
-1.0,-117.30818021330002,135.7097903706784,-3798.5023630354635,-1763.5183146859172,5355.518219972592,1205.2367112261263,47.32953497280902,2.5,22.5,0.0,0.6625997114388169,0.057400288561183066
0.0,-118.16549450908958,70.25987494928908,-3801.0195094330065,-1763.480765892355,3568.696329232201,1298.3904301651335,50.98767296122594,2.5,22.5,0.0,0.6625997114388169,0.057400288561183066
1.0,-119.27084756130306,4.803912997913515,-3803.322232537274,-1763.429705712176,1782.0467915685128,1404.6086316278274,55.158851978634935,2.5,22.5,0.0,0.6625997114388169,0.057400288561183066
2.0,-120.62423936994044,-60.65809548344834,-3805.4105323482645,-1763.365134145383,-4.430393018470383,1523.8913156142087,59.843072025036044,2.5,22.5,0.0,0.6625997114388169,0.057400288561183066
3.0,-122.22566993500175,-126.12615049479648,-3807.284408865982,-1763.287051191974,-1790.7352245287495,1656.2384821242767,65.04033310042922,2.5,22.5,0.0,0.6625997114388169,0.057400288561183066
4.0,-124.07513925648692,-191.60025203613097,-3808.943862090427,-1763.195456851948,-3576.867702962324,1801.6501311580319,70.7506352048145,2.5,22.5,0.0,0.6625997114388169,0.057400288561183066
5.0,-126.17264733439605,-257.0804001074517,-3810.3888920215945,-1763.0903511253055,-5362.827828319193,1960.1262627154738,76.97397833819187,2.5,22.5,0.0,0.6625997114388169,0.057400288561183066
6.0,-128.51819416872914,-322.56659470875866,-3811.6194986594905,-1762.9717340120476,-7148.615600599358,2131.666876796603,83.71036250056135,2.5,22.5,0.0,0.6625997114388169,0.057400288561183066
7.0,-131.11177975948607,-388.058835840052,-3812.635682004109,-1762.8396055121736,-8934.231019802819,2316.271973401418,90.95978769192287,2.5,22.5,0.0,0.6625997114388169,0.057400288561183066
8.0,-133.9534041066669,-453.55712350133166,-3813.437442055454,-1762.6939656256843,-10719.674085929575,2513.941552529921,98.72225391227649,2.5,22.5,0.0,0.6625997114388169,0.057400288561183066
