resolution_type,resolution,T_N,Q_Nm
radial,20,4424.915559056798,651.985079368061
radial,40,4418.279110266162,651.3961471507434
radial,60,4416.434772172592,651.1801437375148
radial,80,4415.607007826922,651.0618908796098
radial,120,4414.899177823749,651.0074063580548
radial,160,4414.593888237006,650.9810250638427
azimuth,12,4415.610504804299,650.9317401399614
azimuth,18,4415.592671634766,651.0111185030149
azimuth,24,4415.599160692186,651.0447639883
azimuth,36,4415.574862929173,650.9637736855362
azimuth,48,4415.585379802361,651.0093454666003
azimuth,72,4415.601611725428,651.0350443041453
azimuth,96,4415.607007826922,651.0618908796098
