nacelle_deg,V_ms,status,pitch_deg,collective_deg,theta_1c_lateral_deg,theta_1s_longitudinal_deg,elevator_deg,rudder_deg,aileron_deg,P_required_kW,P_available_kW,stall_span_pct,reverse_flow_pct,M_adv,max_scaled_residual
0.0,10.0,rotor stall,11.9999999,32.040602171568906,5.554463183751625,-1.4439793066210874e-14,-7.14846340996143,-5.511838888691052e-14,2.0180182700477583e-15,1049.0552702617956,762.2980100318007,100.0,0.0,0.5230270296251226,1.6058306248155056
0.0,12.0,rotor stall,11.9999999,32.040602171568906,5.554463183751625,-1.4439793066210874e-14,-7.14846340996143,-5.511838888691052e-14,2.0180182700477583e-15,1042.6391394320253,762.2980100318007,90.0,0.0,0.5230270296251226,1.4606431457264144
0.0,14.0,rotor stall,11.9999999,32.040602171568906,5.554463183751625,-1.4439793066210874e-14,-7.14846340996143,-5.511838888691052e-14,2.0180182700477583e-15,1033.689570563983,762.2980100318007,90.0,0.0,0.5230270296251226,1.3008502256154804
0.0,16.0,rotor stall,11.9999999,32.040602171568906,5.554463183751625,-1.4439793066210874e-14,-7.14846340996143,-5.511838888691052e-14,2.0180182700477583e-15,1021.9580498453676,762.2980100318007,90.0,0.0,0.5230270296251226,1.1264769059013915
0.0,18.0,rotor stall,11.9999999,32.040602171568906,5.554463183751625,-1.4439793066210874e-14,-7.14846340996143,-5.511838888691052e-14,2.0180182700477583e-15,1007.1915883220727,762.2980100318007,80.0,0.0,0.5230270296251226,0.9375610333107667
0.0,20.0,rotor stall,11.9999999,32.040602171568906,5.554463183751625,-1.4439793066210874e-14,-7.14846340996143,-5.511838888691052e-14,2.0180182700477583e-15,989.1350382463183,762.2980100318007,80.0,0.0,0.5230270296251226,0.7341520094654868
0.0,22.0,rotor stall,11.158768469252669,31.58630742120161,5.082173530877568,-1.136940755991831e-14,-5.704827611478411,-4.335994412790839e-14,1.592721623476771e-15,921.1857107779427,762.2980100318007,70.0,0.0,0.5230270296251226,0.5660235370659686
0.0,24.0,rotor stall,10.317537038505339,31.132012670834314,4.60988387800351,-8.299022053625744e-15,-4.261191812995392,-3.160149936890625e-14,1.1674249769057839e-15,849.2439428375257,762.2980100318007,50.0,0.0,0.5230270296251226,0.408203768173956
0.0,26.0,power limitation,9.476305607758007,30.67771792046702,4.137594225129454,-5.2286365473331795e-15,-2.817556014512373,-1.984305460990412e-14,7.421283303347964e-16,772.9873567494342,762.2980100318007,0.0,0.0,0.5230270296251226,0.26128069387252945
0.0,28.0,excessive trim residual,8.635074177010678,30.22342317009972,3.6653045722553967,-2.1582510410406145e-15,-1.373920216029354,-8.084609850901984e-15,3.1683168376380906e-16,692.090258186419,762.2980100318007,0.0,0.0,0.5230270296251226,0.12525927744984747
0.0,30.0,feasible,7.793842746263346,29.76912841973243,3.1930149193813393,9.121344652519504e-16,0.06971558245366483,3.673834908100149e-15,-1.0846496280717828e-16,606.2258356393073,762.2980100318007,10.0,0.0,0.5230270296251226,0.00044405664356427226
0.0,32.0,excessive trim residual,6.952183103007516,30.102147699268734,3.1206362974084447,5.009407260999025e-16,0.10247379575596971,3.4529604525657972e-15,-1.1082655146024017e-16,591.5598694318211,762.2980100318007,10.0,0.0,0.5230270296251226,0.07804392320268695
0.0,34.0,excessive trim residual,6.110523459751686,30.435166978805043,3.0482576754355497,8.974698694785464e-17,0.1352320090582746,3.2320859970314446e-15,-1.1318814011330206e-16,573.375177035174,762.2980100318007,10.0,0.0,0.5230270296251226,0.12238989219819511
0.0,36.0,excessive trim residual,5.2688638164958554,30.768186258341352,2.9758790534626547,-3.2144675220419325e-16,0.16799022236057948,3.011211541497093e-15,-1.1554972876636393e-16,551.5754649493061,762.2980100318007,10.0,0.0,0.5230270296251226,0.12762417182431116
0.0,38.0,excessive trim residual,4.427204173240026,31.10120553787766,2.9035004314897597,-7.326404913562411e-16,0.20074843566288436,2.790337085962741e-15,-1.1791131741942583e-16,526.0777112749763,762.2980100318007,10.0,0.0,0.5230270296251226,0.08853909942548198
0.0,40.0,feasible,3.5855445299841953,31.434224817413966,2.8311218095168647,-1.143834230508289e-15,0.23350664896518925,2.5694626304283886e-15,-1.202729060724877e-16,496.8112711066904,762.2980100318007,10.0,0.0,0.5230270296251226,3.488842155452403e-05
0.0,42.0,excessive trim residual,3.5855445299841953,31.434224817413966,2.8311218095168647,-1.143834230508289e-15,0.23350664896518925,2.5694626304283886e-15,-1.202729060724877e-16,425.59474222698685,762.2980100318007,20.0,0.0,0.5230270296251226,0.20064237327858453
0.0,44.0,excessive trim residual,3.5855445299841953,31.434224817413966,2.8311218095168647,-1.143834230508289e-15,0.23350664896518925,2.5694626304283886e-15,-1.202729060724877e-16,348.39786937134767,762.2980100318007,20.0,0.0,0.5230270296251226,0.41107258924881585
5.0,10.0,rotor stall,11.805608776511985,31.304556396738313,5.490808160937361,-1.2906041802301476e-14,-6.363974022023876,-5.0219636477511013e-14,3.2721806886361665e-16,985.4042640476814,762.2980100318007,90.0,0.0,0.5256027862124941,1.512659196780882
5.0,12.0,rotor stall,11.805608776511985,31.304556396738313,5.490808160937361,-1.2906041802301476e-14,-6.363974022023876,-5.0219636477511013e-14,3.2721806886361665e-16,978.5949972773152,762.2980100318007,90.0,0.0,0.5261179375299684,1.369996367221241
5.0,14.0,rotor stall,11.805608776511985,31.304556396738313,5.490808160937361,-1.2906041802301476e-14,-6.363974022023876,-5.0219636477511013e-14,3.2721806886361665e-16,969.162816976532,762.2980100318007,90.0,0.0,0.5266330888474426,1.2130458964263475
5.0,16.0,rotor stall,11.805608776511985,31.304556396738313,5.490808160937361,-1.2906041802301476e-14,-6.363974022023876,-5.0219636477511013e-14,3.2721806886361665e-16,956.8697238149698,762.2980100318007,80.0,0.0,0.527148240164917,1.0418315808473484
5.0,18.0,rotor stall,11.805608776511985,31.304556396738313,5.490808160937361,-1.2906041802301476e-14,-6.363974022023876,-5.0219636477511013e-14,3.2721806886361665e-16,941.4712867287786,762.2980100318007,80.0,0.0,0.5276633914823913,0.8563903209455672
5.0,20.0,rotor stall,11.805608776511985,31.304556396738313,5.490808160937361,-1.2906041802301476e-14,-6.363974022023876,-5.0219636477511013e-14,3.2721806886361665e-16,922.7193790665024,762.2980100318007,80.0,0.0,0.5281785427998656,0.6567711645322794
5.0,22.0,rotor stall,10.934796679542,30.887000720177724,5.055171576141067,-1.0164423798648356e-14,-5.073480404751338,-3.963045904777354e-14,2.666220572287974e-16,858.7069574084784,762.2980100318007,60.0,0.0,0.5286936941173399,0.4999350642732573
5.0,24.0,rotor stall,10.063984582572012,30.46944504361713,4.619534991344772,-7.422805794995231e-15,-3.7829867874787997,-2.9041281618036053e-14,2.0602604559397774e-16,790.642296393567,762.2980100318007,40.0,0.0,0.5292088454348142,0.35367469959647574
5.0,26.0,excessive trim residual,9.193172485602025,30.051889367056543,4.1838984065484786,-4.68118779134211e-15,-2.4924931702062616,-1.8452104188298573e-14,1.4543003395915853e-16,718.2235927996622,762.2980100318007,0.0,0.0,0.5297239967522884,0.21844164926570314
5.0,28.0,excessive trim residual,8.322360388632038,29.63433369049595,3.7482618217521844,-1.9395697876889856e-15,-1.2019995529337235,-7.862926758561093e-15,8.483402232433902e-17,641.1437306122668,762.2980100318007,10.0,0.0,0.5302391480697628,0.10074984432229431
5.0,30.0,excessive trim residual,7.451548291662052,29.21677801393536,3.3126252369558906,8.020482159641365e-16,0.08849406433881428,2.7262506711763833e-15,2.4238010689519616e-17,559.0928241416211,762.2980100318007,10.0,0.0,0.5307542993872371,0.0228142463692607
5.0,32.0,excessive trim residual,6.642787548840015,29.546393609789508,3.2432362236525987,4.820118682783852e-16,0.11346673075846844,2.9308599064239903e-15,9.779225945194903e-18,542.72317900694,762.2980100318007,10.0,0.0,0.5312694507047113,0.09488938675750105
5.0,34.0,excessive trim residual,5.834026806017977,29.876009205643655,3.173847210349307,1.6197552059263374e-16,0.13843939717812256,3.1354691416715972e-15,-4.679558799129785e-18,522.7829730814532,762.2980100318007,10.0,0.0,0.5317846020221856,0.13452171243785074
5.0,36.0,excessive trim residual,5.02526606319594,30.205624801497805,3.104458197046015,-1.5806082709311757e-16,0.1634120635977767,3.3400783769192046e-15,-1.91383435434545e-17,499.17513867157146,762.2980100318007,10.0,0.0,0.53229975333966,0.13672500554002642
5.0,38.0,excessive trim residual,4.216505320373903,30.535240397351952,3.035069183742723,-4.78097174778869e-16,0.18838473001743086,3.5446876121668116e-15,-3.359712828777921e-17,471.81553840621694,762.2980100318007,10.0,0.0,0.5328149046571342,0.09655249332021873
5.0,40.0,excessive trim residual,3.407744577551867,30.864855993206103,2.9656801704394313,-7.981335224646205e-16,0.213357396437085,3.749296847414419e-15,-4.805591303210391e-17,440.6322604602457,762.2980100318007,20.0,0.0,0.5333300559746085,0.04822687034219525
5.0,42.0,excessive trim residual,3.407744577551867,30.864855993206103,2.9656801704394313,-7.981335224646205e-16,0.213357396437085,3.749296847414419e-15,-4.805591303210391e-17,368.7665779315932,762.2980100318007,20.0,0.0,0.5338452072920827,0.21158961904199108
5.0,44.0,excessive trim residual,3.407744577551867,30.864855993206103,2.9656801704394313,-7.981335224646205e-16,0.213357396437085,3.749296847414419e-15,-4.805591303210391e-17,290.9107539714215,762.2980100318007,20.0,0.0,0.5343603586095571,0.3909019438480517
10.0,10.0,rotor stall,11.611217653023969,30.568510621907723,5.4271531381230975,-1.1372290538392078e-14,-5.579484634086322,-4.53208840681115e-14,-1.3635821323205254e-15,923.6343208051537,762.2980100318007,90.0,0.0,0.5281589397369513,1.4083450368221522
10.0,12.0,rotor stall,11.611217653023969,30.568510621907723,5.4271531381230975,-1.1372290538392078e-14,-5.579484634086322,-4.53208840681115e-14,-1.3635821323205254e-15,916.5327888703464,762.2980100318007,90.0,0.0,0.5291853217593171,1.2694596948597177
10.0,14.0,rotor stall,11.611217653023969,30.568510621907723,5.4271531381230975,-1.1372290538392078e-14,-5.579484634086322,-4.53208840681115e-14,-1.3635821323205254e-15,906.7898026568894,762.2980100318007,90.0,0.0,0.5302117037816827,1.116675414003178
10.0,16.0,rotor stall,11.611217653023969,30.568510621907723,5.4271531381230975,-1.1372290538392078e-14,-5.579484634086322,-4.53208840681115e-14,-1.3635821323205254e-15,894.1840341166208,762.2980100318007,80.0,0.0,0.5312380858040485,0.950012680823354
10.0,18.0,rotor stall,11.611217653023969,30.568510621907723,5.4271531381230975,-1.1372290538392078e-14,-5.579484634086322,-4.53208840681115e-14,-1.3635821323205254e-15,878.4845960269028,762.2980100318007,80.0,0.0,0.5322644678264142,0.7695050642583272
10.0,20.0,rotor stall,11.611217653023969,30.568510621907723,5.4271531381230975,-1.1372290538392078e-14,-5.579484634086322,-4.53208840681115e-14,-1.3635821323205254e-15,859.4545525825438,762.2980100318007,70.0,0.0,0.5332908498487801,0.5751982665670747
10.0,22.0,rotor stall,10.710824889831326,30.18769401915384,5.028169621404566,-8.9594400373784e-15,-4.442133198024265,-3.590097396763868e-14,-1.0594775090191766e-15,799.811505426992,762.2980100318007,50.0,0.0,0.5343172318711457,0.43151789242445326
10.0,24.0,excessive trim residual,9.810432126638684,29.806877416399946,4.629186104686036,-6.54658953636472e-15,-3.3047817619622077,-2.6481063867165857e-14,-7.55372885717828e-16,736.1686309475467,762.2980100318007,10.0,0.0,0.5353436138935115,0.29871243520918844
10.0,26.0,excessive trim residual,8.910039363446042,29.426060813646068,4.230202587967504,-4.1337390353510385e-15,-2.1674303259001504,-1.7061153766693033e-14,-4.512682624164796e-16,668.2441957434061,762.2980100318007,10.0,0.0,0.5363699959158772,0.17708390903735405
10.0,28.0,excessive trim residual,8.0096466002534,29.045244210892175,3.8312190712489733,-1.7208885343373575e-15,-1.030078889838093,-7.641243666220206e-15,-1.4716363911513082e-16,595.7494177237434,762.2980100318007,10.0,0.0,0.5373963779382429,0.11084573771167944
10.0,30.0,excessive trim residual,7.109253837060757,28.664427608138293,3.4322355545304424,6.919619666763228e-16,0.10727254622396373,1.7786664342526174e-15,1.569409841862175e-16,518.3913989095025,762.2980100318007,10.0,0.0,0.5384227599606086,0.0346615396173636
10.0,32.0,excessive trim residual,6.333391994672514,28.99063952031028,3.3658361498967535,4.630830104568679e-16,0.12445966576096715,2.4087593602821837e-15,1.3038500335063e-16,501.2915242733384,762.2980100318007,10.0,0.0,0.5394491419829743,0.09996376706569306
10.0,34.0,excessive trim residual,5.5575301522842695,29.316851432482274,3.299436745263064,2.3420405423741294e-16,0.14164678529797053,3.03885228631175e-15,1.0382902251504246e-16,480.65920409641876,762.2980100318007,10.0,0.0,0.5404755240053402,0.1349326227036717
10.0,36.0,excessive trim residual,4.781668309896026,29.64306334465426,3.2330373406293753,5.325098017958157e-18,0.15883390483497395,3.668945212341316e-15,7.727304167945493e-17,456.39738733802915,762.2980100318007,10.0,0.0,0.5415019060277059,0.13414528354750316
10.0,38.0,excessive trim residual,4.005806467507782,29.96927525682625,3.1666379359956864,-2.235538582014968e-16,0.17602102437197734,4.2990381383708824e-15,5.07170608438674e-17,428.421527774153,762.2980100318007,20.0,0.0,0.5425282880500717,0.09291147141005955
10.0,40.0,excessive trim residual,3.229944625119538,30.295487168998232,3.1002385313619976,-4.524328144209516e-16,0.19320814390898075,4.929131064400449e-15,2.4161080008279894e-17,396.6588184794925,762.2980100318007,20.0,0.0,0.5435546700724373,0.08231257763150816
10.0,42.0,excessive trim residual,3.229944625119538,30.295487168998232,3.1002385313619976,-4.524328144209516e-16,0.19320814390898075,4.929131064400449e-15,2.4161080008279894e-17,325.65675603912376,762.2980100318007,20.0,0.0,0.5445810520948031,0.2412406714656672
10.0,44.0,excessive trim residual,3.229944625119538,30.295487168998232,3.1002385313619976,-4.524328144209516e-16,0.19320814390898075,4.929131064400449e-15,2.4161080008279894e-17,248.76643500697347,762.2980100318007,20.0,0.0,0.5456074341171688,0.4041858131542244
15.0,10.0,rotor stall,11.416826529535953,29.83246484707713,5.3634981153088335,-9.838539274482685e-15,-4.794995246148768,-4.0422131658711996e-14,-3.054382333504667e-15,863.8838030429315,762.2980100318007,90.0,0.0,0.5306760363267254,1.2950973611230143
15.0,12.0,rotor stall,11.416826529535953,29.83246484707713,5.3634981153088335,-9.838539274482685e-15,-4.794995246148768,-4.0422131658711996e-14,-3.054382333504667e-15,856.6292061030877,762.2980100318007,90.0,0.0,0.532205837667046,1.161192341122474
15.0,14.0,rotor stall,11.416826529535953,29.83246484707713,5.3634981153088335,-9.838539274482685e-15,-4.794995246148768,-4.0422131658711996e-14,-3.054382333504667e-15,846.7830505069174,762.2980100318007,80.0,0.0,0.5337356390073666,1.0138459495429146
15.0,16.0,rotor stall,11.416826529535953,29.83246484707713,5.3634981153088335,-9.838539274482685e-15,-4.794995246148768,-4.0422131658711996e-14,-3.054382333504667e-15,834.1451797121839,762.2980100318007,80.0,0.0,0.5352654403476871,0.853073700300097
15.0,18.0,rotor stall,11.416826529535953,29.83246484707713,5.3634981153088335,-9.838539274482685e-15,-4.794995246148768,-4.0422131658711996e-14,-3.054382333504667e-15,818.5021533501974,762.2980100318007,60.0,0.0,0.5367952416880077,0.6789037608564786
15.0,20.0,rotor stall,11.416826529535953,29.83246484707713,5.3634981153088335,-9.838539274482685e-15,-4.794995246148768,-4.0422131658711996e-14,-3.054382333504667e-15,799.6317692138292,762.2980100318007,60.0,0.0,0.5383250430283283,0.4913757134181959
15.0,22.0,rotor stall,10.486853100120657,29.488387318129952,5.001167666668065,-7.754456276108447e-15,-3.8107859912971924,-3.2171488887503835e-14,-2.3855770752671502e-15,744.7649592007197,762.2980100318007,40.0,0.0,0.5398548443686488,0.3625122027223646
15.0,24.0,excessive trim residual,9.556879670705356,29.144309789182774,4.638837218027297,-5.670373277734206e-15,-2.8265767364456154,-2.392084611629566e-14,-1.7167718170296336e-15,686.0487036242503,762.2980100318007,10.0,0.0,0.5413846457089695,0.244849102290986
15.0,26.0,excessive trim residual,8.62690624129006,28.80023226023559,4.276506769386529,-3.586290279359969e-15,-1.8423674815940396,-1.5670203345087492e-14,-1.0479665587921173e-15,623.221949008949,762.2980100318007,10.0,0.0,0.5429144470492899,0.13852583605381788
15.0,28.0,excessive trim residual,7.6969328118747615,28.456154731288407,3.914176320745762,-1.5022072809857293e-15,-0.858158226742463,-7.419560573879318e-15,-3.7916130055460086e-16,556.015272341933,762.2980100318007,10.0,0.0,0.5444442483896106,0.11036752860892465
15.0,30.0,excessive trim residual,6.766959382459463,28.112077202341226,3.5518458721049933,5.81875717388509e-16,0.1260510281091132,8.310821973288518e-16,2.896439576829154e-16,484.1541846013105,762.2980100318007,10.0,0.0,0.5459740497299311,0.04293457608436629
15.0,32.0,excessive trim residual,6.023996440505012,28.434885430831056,3.488436076140908,4.441541526353506e-16,0.13545260076346585,1.8866588141403775e-15,2.50990780756065e-16,467.2720318401986,762.2980100318007,10.0,0.0,0.5475038510702517,0.09652166802656648
15.0,34.0,excessive trim residual,5.281033498550562,28.757693659320886,3.425026280176822,3.064325878821921e-16,0.14485417341781853,2.9422354309519026e-15,2.1233760382921468e-16,446.98258781511737,762.2980100318007,20.0,0.0,0.5490336524105723,0.12720297482628956
15.0,36.0,excessive trim residual,4.538070556596112,29.080501887810716,3.361616484212736,1.687110231290338e-16,0.15425574607217118,3.997812047763428e-15,1.7368442690236436e-16,423.18993189434144,762.2980100318007,20.0,0.0,0.5505634537508929,0.12379480635056922
15.0,38.0,excessive trim residual,3.795107614641661,29.403310116300545,3.29820668824865,3.0989458375875355e-17,0.16365731872652386,5.053388664574953e-15,1.35031249975514e-16,395.80993304557444,762.2980100318007,20.0,0.0,0.5520932550912134,0.09726381980329812
15.0,40.0,excessive trim residual,3.0521446726872097,29.72611834479037,3.234796892284564,-1.0673210637728298e-16,0.1730588913808765,6.108965281386479e-15,9.63780730486637e-17,364.7695423995831,762.2980100318007,20.0,0.0,0.553623056431534,0.10157878633331575
15.0,42.0,excessive trim residual,3.0521446726872097,29.72611834479037,3.234796892284564,-1.0673210637728298e-16,0.1730588913808765,6.108965281386479e-15,9.63780730486637e-17,296.0957159363205,762.2980100318007,20.0,0.0,0.5551528577718545,0.2541059364402035
15.0,44.0,excessive trim residual,3.0521446726872097,29.72611834479037,3.234796892284564,-1.0673210637728298e-16,0.1730588913808765,6.108965281386479e-15,9.63780730486637e-17,221.74371551128823,762.2980100318007,20.0,0.0,0.5566826591121751,0.41051161018348203
20.0,10.0,rotor stall,11.22243540604794,29.09641907224654,5.299843092494569,-8.304788010573287e-15,-4.010505858211214,-3.55233792493125e-14,-4.745182534688809e-15,806.2619361978605,762.2980100318007,90.0,0.0,0.5331349193569039,1.1749981923267625
20.0,12.0,rotor stall,11.22243540604794,29.09641907224654,5.299843092494569,-8.304788010573287e-15,-4.010505858211214,-3.55233792493125e-14,-4.745182534688809e-15,799.0146346026503,762.2980100318007,90.0,0.0,0.5351564973032602,1.0471758030072276
20.0,14.0,rotor stall,11.22243540604794,29.09641907224654,5.299843092494569,-8.304788010573287e-15,-4.010505858211214,-3.55233792493125e-14,-4.745182534688809e-15,789.2880999704166,762.2980100318007,70.0,0.0,0.5371780752496165,0.9064325067241148
20.0,16.0,rotor stall,11.22243540604794,29.09641907224654,5.299843092494569,-8.304788010573287e-15,-4.010505858211214,-3.55233792493125e-14,-4.745182534688809e-15,776.9066219621959,762.2980100318007,70.0,0.0,0.5391996531959727,0.7527778506217481
20.0,18.0,rotor stall,11.22243540604794,29.09641907224654,5.299843092494569,-8.304788010573287e-15,-4.010505858211214,-3.55233792493125e-14,-4.745182534688809e-15,761.6772778992528,762.2980100318007,60.0,0.0,0.5412212311423289,0.5862327581857232
20.0,20.0,rotor stall,11.22243540604794,29.09641907224654,5.299843092494569,-8.304788010573287e-15,-4.010505858211214,-3.55233792493125e-14,-4.745182534688809e-15,743.3957478287174,762.2980100318007,60.0,0.0,0.5432428090886852,0.40682859815317085
20.0,22.0,excessive trim residual,10.262881310409984,28.789080617106066,4.9741657119315645,-6.549472514838491e-15,-3.179438784570119,-2.844200380736898e-14,-3.7116766415151235e-15,693.6607070009186,762.2980100318007,20.0,0.0,0.5452643870350414,0.2941753006301147
20.0,24.0,excessive trim residual,9.30332721477203,28.481742161965585,4.648488331368559,-4.7941570191036934e-15,-2.3483717109290234,-2.1360628365425458e-14,-2.6781707483414402e-15,640.3100001618129,762.2980100318007,10.0,0.0,0.5472859649813977,0.19306614649827353
20.0,26.0,excessive trim residual,8.343773119134077,28.17440370682511,4.322810950805554,-3.038841523368898e-15,-1.517304637287928,-1.4279252923481946e-14,-1.6446648551677553e-15,583.1045641317096,762.2980100318007,10.0,0.0,0.5493075429277539,0.12743201980068644
20.0,28.0,excessive trim residual,7.384219023496122,27.86706525168463,3.997133570242549,-1.2835260276341007e-15,-0.6862375636468325,-7.197877481538428e-15,-6.111589619940708e-16,521.7962489903977,762.2980100318007,10.0,0.0,0.5513291208741101,0.10266028799707291
20.0,30.0,excessive trim residual,6.424664927858169,27.559726796544155,3.671456189679545,4.717894681006951e-16,0.14482950999426264,-1.1650203959491425e-16,4.223469311796133e-16,456.1311459302429,762.2980100318007,10.0,0.0,0.5533506988204664,0.04491882673904814
20.0,32.0,excessive trim residual,5.714600886337512,27.87913134135183,3.6110360023850623,4.2522529481383323e-16,0.14644553576596459,1.3645582679985707e-15,3.7159655816150014e-16,440.34813808012586,762.2980100318007,10.0,0.0,0.5553722767668227,0.08774214374630489
20.0,34.0,excessive trim residual,5.004536844816854,28.198535886159497,3.550615815090579,3.7866112152697125e-16,0.14806156153766648,2.845618575592055e-15,3.20846185143387e-16,421.36381724540274,762.2980100318007,20.0,0.0,0.5573938547131789,0.11482061652156189
20.0,36.0,excessive trim residual,4.2944728032961965,28.517940430967165,3.4901956277960964,3.320969482401095e-16,0.14967758730936842,4.326678883185539e-15,2.700958121252738e-16,399.0847314914056,762.2980100318007,20.0,0.0,0.5594154326595352,0.109474339643868
20.0,38.0,excessive trim residual,3.584408761775539,28.837344975774837,3.429775440501613,2.855327749532475e-16,0.1512936130810703,5.807739190779024e-15,2.1934543910716063e-16,373.42816813171237,762.2980100318007,20.0,0.0,0.5614370106058915,0.10073602372517518
20.0,40.0,excessive trim residual,2.8743447202548817,29.15674952058251,3.3693552532071305,2.389686016663856e-16,0.15290963885277226,7.288799498372509e-15,1.685950660890475e-16,344.3216719837265,762.2980100318007,20.0,0.0,0.5634585885522477,0.10651515561195432
20.0,42.0,excessive trim residual,2.8743447202548817,29.15674952058251,3.3693552532071305,2.389686016663856e-16,0.15290963885277226,7.288799498372509e-15,1.685950660890475e-16,279.3326679706324,762.2980100318007,20.0,0.0,0.565480166498604,0.2508300450926062
20.0,44.0,rotor stall,2.8743447202548817,29.15674952058251,3.3693552532071305,2.389686016663856e-16,0.15290963885277226,7.288799498372509e-15,1.685950660890475e-16,208.9765874968285,762.2980100318007,30.0,0.0,0.5675017444449602,0.3988591357192765
25.0,10.0,rotor stall,11.028044282559925,28.360373297415947,5.2361880696803045,-6.771036746663889e-15,-3.22601647027366,-3.0624626839912985e-14,-6.43598273587295e-15,750.8492011091826,762.2980100318007,80.0,0.0,0.5355168752429128,1.0499862703378637
25.0,12.0,rotor stall,11.028044282559925,28.360373297415947,5.2361880696803045,-6.771036746663889e-15,-3.22601647027366,-3.0624626839912985e-14,-6.43598273587295e-15,743.7756312922038,762.2980100318007,80.0,0.0,0.5380148443664708,0.9292019173144419
25.0,14.0,rotor stall,11.028044282559925,28.360373297415947,5.2361880696803045,-6.771036746663889e-15,-3.22601647027366,-3.0624626839912985e-14,-6.43598273587295e-15,734.3889492188125,762.2980100318007,70.0,0.0,0.5405128134900288,0.7960702277987147
25.0,16.0,rotor stall,11.028044282559925,28.360373297415947,5.2361880696803045,-6.771036746663889e-15,-3.22601647027366,-3.0624626839912985e-14,-6.43598273587295e-15,722.540115058264,762.2980100318007,60.0,0.0,0.5430107826135869,0.6505943173850409
25.0,18.0,rotor stall,11.028044282559925,28.360373297415947,5.2361880696803045,-6.771036746663889e-15,-3.22601647027366,-3.0624626839912985e-14,-6.43598273587295e-15,708.0591764716767,762.2980100318007,50.0,0.0,0.545508751737145,0.49278698336289656
25.0,20.0,rotor stall,11.028044282559925,28.360373297415947,5.2361880696803045,-6.771036746663889e-15,-3.22601647027366,-3.0624626839912985e-14,-6.43598273587295e-15,690.7624278155109,762.2980100318007,40.0,0.0,0.5480067208607029,0.3226701267387723
25.0,22.0,excessive trim residual,10.038909520699313,28.08977391608218,4.947163757195063,-5.344488753568536e-15,-2.5480915778430457,-2.471251872723413e-14,-5.0377762077630984e-15,646.4421118178199,762.2980100318007,10.0,0.0,0.550504689984261,0.22729477490459152
25.0,24.0,excessive trim residual,9.049774758838705,27.819174534748402,4.658139444709821,-3.917940760473181e-15,-1.8701666854124313,-1.8800410614555264e-14,-3.6395696796532445e-15,598.8078125137721,762.2980100318007,10.0,0.0,0.553002659107819,0.14381498734623152
25.0,26.0,excessive trim residual,8.060639996978095,27.54857515341463,4.36911513222458,-2.4913927673778275e-15,-1.1922417929818165,-1.2888302501876404e-14,-2.2413631515433934e-15,547.6442064926521,762.2980100318007,10.0,0.0,0.555500628231377,0.11861141153077387
25.0,28.0,excessive trim residual,7.071505235117485,27.27797577208086,4.080090819739338,-1.0648447742824727e-15,-0.5143169005512022,-6.97619438919754e-15,-8.431566234335409e-16,492.7265138992898,762.2980100318007,10.0,0.0,0.5579985973549351,0.090689004249161
25.0,30.0,excessive trim residual,6.082370473256875,27.00737639074709,3.791066507254096,3.6170321881288124e-16,0.1636079918794121,-1.0640862765186799e-15,5.550499046763112e-16,433.82393856823535,762.2980100318007,10.0,0.0,0.5604965664784931,0.04122793507803444
25.0,32.0,excessive trim residual,5.405205332170011,27.3233772518726,3.7336359286292162,4.062964369923159e-16,0.1574384707684633,8.424577218567637e-16,4.922023355669352e-16,419.9170380540202,762.2980100318007,20.0,0.0,0.5629945356020511,0.0765431983376875
25.0,34.0,excessive trim residual,4.728040191083146,27.639378112998106,3.6762053500043366,4.508896551717505e-16,0.15126894965751447,2.7490017202322075e-15,4.293547664575592e-16,403.08612181413145,762.2980100318007,20.0,0.0,0.5654925047256092,0.10098027852346325
25.0,36.0,excessive trim residual,4.050875049996282,27.95537897412362,3.618774771379457,4.9548287335118515e-16,0.14509942854656566,4.65554571860765e-15,3.6650719734818325e-16,383.241615605597,762.2980100318007,20.0,0.0,0.5679904738491672,0.09465989169667301
25.0,38.0,excessive trim residual,3.3737099089094174,28.271379835249128,3.561344192754577,5.400760915306197e-16,0.1389299074356168,6.562089716983095e-15,3.0365962823880724e-16,360.30341082982676,762.2980100318007,20.0,0.0,0.5704884429727252,0.09294055427281694
25.0,40.0,excessive trim residual,2.6965447678225534,28.587380696374645,3.503913614129697,5.846693097100544e-16,0.132760386324668,8.468633715358539e-15,2.408120591294313e-16,334.20058305802513,762.2980100318007,20.0,0.0,0.5729864120962832,0.0986789312104314
25.0,42.0,rotor stall,2.6965447678225534,28.587380696374645,3.503913614129697,5.846693097100544e-16,0.132760386324668,8.468633715358539e-15,2.408120591294313e-16,274.0885227910091,762.2980100318007,30.0,0.0,0.5754843812198414,0.23320032302975263
25.0,44.0,rotor stall,2.6965447678225534,28.587380696374645,3.503913614129697,5.846693097100544e-16,0.132760386324668,8.468633715358539e-15,2.408120591294313e-16,209.01016469826155,762.2980100318007,30.0,0.0,0.5779823503433993,0.3712473245354819
30.0,10.0,rotor stall,10.833653159071908,27.624327522585354,5.172533046866041,-5.237285482754493e-15,-2.441527082336106,-2.572587443051348e-14,-8.126782937057092e-15,697.6988082960492,762.2980100318007,80.0,0.0,0.5378037758621953,0.9218487905268795
30.0,12.0,rotor stall,10.833653159071908,27.624327522585354,5.172533046866041,-5.237285482754493e-15,-2.441527082336106,-2.572587443051348e-14,-8.126782937057092e-15,690.9586534434407,762.2980100318007,70.0,0.0,0.5407591251096099,0.808870923990792
30.0,14.0,rotor stall,10.833653159071908,27.624327522585354,5.172533046866041,-5.237285482754493e-15,-2.441527082336106,-2.572587443051348e-14,-8.126782937057092e-15,682.1147268923982,762.2980100318007,70.0,0.0,0.5437144743570244,0.6841591794921793
30.0,16.0,rotor stall,10.833653159071908,27.624327522585354,5.172533046866041,-5.237285482754493e-15,-2.441527082336106,-2.572587443051348e-14,-8.126782937057092e-15,671.0460010733046,762.2980100318007,50.0,0.0,0.5466698236044389,0.5477105849611537
30.0,18.0,rotor stall,10.833653159071908,27.624327522585354,5.172533046866041,-5.237285482754493e-15,-2.441527082336106,-2.572587443051348e-14,-8.126782937057092e-15,657.6072914392425,762.2980100318007,40.0,0.0,0.5496251728518534,0.39952987732144774
30.0,20.0,excessive trim residual,10.833653159071908,27.624327522585354,5.172533046866041,-5.237285482754493e-15,-2.441527082336106,-2.572587443051348e-14,-8.126782937057092e-15,641.6376843235009,762.2980100318007,20.0,0.0,0.552580522099268,0.23962910503108234
30.0,22.0,excessive trim residual,9.814937730988643,27.39046721505829,4.920161802458562,-4.1395049922985815e-15,-1.916744371115973,-2.0983033647099277e-14,-6.363875774011072e-15,602.9255664333836,762.2980100318007,10.0,0.0,0.5555358713466825,0.16222621850155924
30.0,24.0,excessive trim residual,8.796222302905376,27.156606907531227,4.667790558051084,-3.0417245018426687e-15,-1.391961659895839,-1.6240192863685068e-14,-4.60096861096505e-15,561.2526477041142,762.2980100318007,10.0,0.0,0.5584912205940971,0.09706570009172404
30.0,26.0,excessive trim residual,7.7775068748221114,26.922746600004157,4.415419313643605,-1.943944011386757e-15,-0.8671789486757058,-1.1497352080270862e-14,-2.8380614479190314e-15,516.4289176692298,762.2980100318007,10.0,0.0,0.5614465698415116,0.10621312988380541
30.0,28.0,excessive trim residual,6.758791446738846,26.688886292477086,4.163048069236126,-8.461635209308445e-16,-0.342396237455572,-6.754511296856652e-15,-1.0751542848730107e-15,468.25501690273404,762.2980100318007,10.0,0.0,0.5644019190889261,0.0770395184948692
30.0,30.0,excessive trim residual,5.74007601865558,26.45502598495002,3.9106768248286476,2.5161696952506746e-16,0.18238647376456155,-2.0116705134424455e-15,6.87752878173009e-16,416.5254673268748,762.2980100318007,20.0,0.0,0.5673572683363407,0.03311543238929656
30.0,32.0,excessive trim residual,5.09580977800251,26.76762316239337,3.856235854873371,3.873675791707986e-16,0.168431405770962,3.203571757149571e-16,6.128081129723702e-16,405.1340768516886,762.2980100318007,20.0,0.0,0.5703126175837552,0.06540955193236174
30.0,34.0,excessive trim residual,4.451543537349438,27.080220339836725,3.8017948849180936,5.231181888165297e-16,0.15447633777736242,2.6523848648723598e-15,5.378633477717314e-16,391.15458256962,762.2980100318007,20.0,0.0,0.5732679668311698,0.08839671615443391
30.0,36.0,excessive trim residual,3.807277296696367,27.392817517280072,3.747353914962817,6.588687984622608e-16,0.14052126978376286,4.984412554029762e-15,4.629185825710926e-16,374.5027920759286,762.2980100318007,20.0,0.0,0.5762233160785842,0.0823012967717938
30.0,38.0,excessive trim residual,3.1630110560432954,27.705414694723423,3.69291294500754,7.94619408107992e-16,0.1265662017901633,7.316440243187166e-15,3.8797381737045383e-16,355.1025096023558,762.2980100318007,20.0,0.0,0.5791786653259988,0.07613414038251194
30.0,40.0,rotor stall,2.5187448153902245,28.018011872166774,3.638471975052264,9.30370017753723e-16,0.11261113379656373,9.648467932344569e-15,3.130290521698151e-16,332.88542311656516,762.2980100318007,30.0,0.0,0.5821340145734134,0.08057962041167153
30.0,42.0,rotor stall,2.5187448153902245,28.018011872166774,3.638471975052264,9.30370017753723e-16,0.11261113379656373,9.648467932344569e-15,3.130290521698151e-16,278.6271561543916,762.2980100318007,30.0,0.0,0.5850893638208279,0.20402478442591176
30.0,44.0,rotor stall,2.5187448153902245,28.018011872166774,3.638471975052264,9.30370017753723e-16,0.11261113379656373,9.648467932344569e-15,3.130290521698151e-16,219.87835344583937,762.2980100318007,30.0,0.0,0.5880447130682425,0.3307843822906206
35.0,10.0,rotor stall,10.639262035583894,26.888281747754764,5.108878024051777,-3.7035342188450955e-15,-1.6570376943985523,-2.0827122021113974e-14,-9.817583138241232e-15,646.8390886166031,762.2980100318007,80.0,0.0,0.5399782165201704,0.7922207920833257
35.0,12.0,rotor stall,10.639262035583894,26.888281747754764,5.108878024051777,-3.7035342188450955e-15,-1.6570376943985523,-2.0827122021113974e-14,-9.817583138241232e-15,640.5747851614462,762.2980100318007,60.0,0.0,0.54336845389918,0.6875991254087145
35.0,14.0,rotor stall,10.639262035583894,26.888281747754764,5.108878024051777,-3.7035342188450955e-15,-1.6570376943985523,-2.0827122021113974e-14,-9.817583138241232e-15,632.4474450067787,762.2980100318007,50.0,0.0,0.5467586912781895,0.5718812038667422
35.0,16.0,rotor stall,10.639262035583894,26.888281747754764,5.108878024051777,-3.7035342188450955e-15,-1.6570376943985523,-2.0827122021113974e-14,-9.817583138241232e-15,622.3645438298342,762.2980100318007,40.0,0.0,0.5501489286571991,0.4450590153319072
35.0,18.0,excessive trim residual,10.639262035583894,26.888281747754764,5.108878024051777,-3.7035342188450955e-15,-1.6570376943985523,-2.0827122021113974e-14,-9.817583138241232e-15,610.2066847816368,762.2980100318007,10.0,0.0,0.5535391660362086,0.30713002336588363
35.0,20.0,excessive trim residual,10.639262035583894,26.888281747754764,5.108878024051777,-3.7035342188450955e-15,-1.6570376943985523,-2.0827122021113974e-14,-9.817583138241232e-15,595.8372510728794,762.2980100318007,10.0,0.0,0.5569294034152181,0.15809714445354403
35.0,22.0,excessive trim residual,9.590965941277972,26.6911605140344,4.893159847722062,-2.9345212310286265e-15,-1.2853971643888997,-1.725354856696442e-14,-7.689975340259046e-15,562.8251641570307,762.2980100318007,10.0,0.0,0.5603196407942277,0.09895370090560494
35.0,24.0,excessive trim residual,8.54266984697205,26.49403928031404,4.677441671392346,-2.165508243212156e-15,-0.913756634379247,-1.3679975112814868e-14,-5.562367542276857e-15,527.2397208331353,762.2980100318007,10.0,0.0,0.5637098781732373,0.08681934627687987
35.0,26.0,excessive trim residual,7.494373752666129,26.296918046593678,4.46172349506263,-1.3964952553956863e-15,-0.5421161043695943,-1.0106401658665315e-14,-3.43475974429467e-15,488.9173991081164,762.2980100318007,10.0,0.0,0.5671001155522468,0.09231030550905361
35.0,28.0,excessive trim residual,6.446077658360207,26.099796812873315,4.246005318732914,-6.274822675792161e-16,-0.17047557435994157,-6.532828204515764e-15,-1.3071519463124807e-15,447.68571057332065,762.2980100318007,10.0,0.0,0.5704903529312564,0.06774692033477743
35.0,30.0,excessive trim residual,5.397781564054286,25.90267557915295,4.030287142403199,1.415307202372536e-16,0.201164955649711,-2.9592547503662118e-15,8.204558516697069e-16,403.36617668305865,762.2980100318007,20.0,0.0,0.573880590310266,0.022360485334776057
35.0,32.0,excessive trim residual,4.786414223835009,26.211869072914144,3.978835781117525,3.684387213492812e-16,0.17942434077346073,-2.0174337042684966e-16,7.334138903778054e-16,394.9656624859601,762.2980100318007,20.0,0.0,0.5772708276892754,0.05624139397851468
35.0,34.0,excessive trim residual,4.17504688361573,26.521062566675333,3.927384419831851,5.953467224613088e-16,0.15768372589721041,2.5557680095125124e-15,6.463719290859037e-16,384.3560915519651,762.2980100318007,20.0,0.0,0.580661065068285,0.079139814535526
35.0,36.0,excessive trim residual,3.5636795433964528,26.830256060436525,3.8759330585461775,8.222547235733364e-16,0.1359431110209601,5.313279389451874e-15,5.593299677940021e-16,371.46014398578717,762.2980100318007,20.0,0.0,0.5840513024472945,0.07464354456146854
35.0,38.0,rotor stall,2.952312203177174,27.139449554197718,3.824481697260504,1.0491627246853642e-15,0.11420249614470979,8.070790769391236e-15,4.722880065021004e-16,356.2069236080233,762.2980100318007,30.0,0.0,0.5874415398263041,0.05330969206739857
35.0,40.0,rotor stall,2.3409448629578966,27.44864304795891,3.7730303359748296,1.2760707257973918e-15,0.09246188126845949,1.0828302149330599e-14,3.8524604521019886e-16,338.53199403137626,762.2980100318007,30.0,0.0,0.5908317772053137,0.055517752982962125
35.0,42.0,rotor stall,2.3409448629578966,27.44864304795891,3.7730303359748296,1.2760707257973918e-15,0.09246188126845949,1.0828302149330599e-14,3.8524604521019886e-16,290.84730298497993,762.2980100318007,30.0,0.0,0.5942220145843232,0.16696070494849682
35.0,44.0,rotor stall,2.3409448629578966,27.44864304795891,3.7730303359748296,1.2760707257973918e-15,0.09246188126845949,1.0828302149330599e-14,3.8524604521019886e-16,239.2046240922847,762.2980100318007,30.0,0.0,0.5976122519633328,0.28148709627046187
40.0,10.0,rotor stall,10.444870912095878,26.152235972924174,5.045223001237513,-2.169782954935699e-15,-0.8725483064609983,-1.5928369611714466e-14,-1.1508383339425377e-14,598.2765469479215,762.2980100318007,60.0,0.0,0.5420236484104677,0.6765391021974598
40.0,12.0,rotor stall,10.444870912095878,26.152235972924174,5.045223001237513,-2.169782954935699e-15,-0.8725483064609983,-1.5928369611714466e-14,-1.1508383339425377e-14,592.6052383992046,762.2980100318007,50.0,0.0,0.5458229721675366,0.5881701788428848
40.0,14.0,rotor stall,10.444870912095878,26.152235972924174,5.045223001237513,-2.169782954935699e-15,-0.8725483064609983,-1.5928369611714466e-14,-1.1508383339425377e-14,585.3305349065678,762.2980100318007,40.0,0.0,0.5496222959246057,0.47876733248535236
40.0,16.0,excessive trim residual,10.444870912095878,26.152235972924174,5.045223001237513,-2.169782954935699e-15,-0.8725483064609983,-1.5928369611714466e-14,-1.1508383339425377e-14,576.3880339258944,762.2980100318007,0.0,0.0,0.5534216196816747,0.34832031679188874
40.0,18.0,excessive trim residual,10.444870912095878,26.152235972924174,5.045223001237513,-2.169782954935699e-15,-0.8725483064609983,-1.5928369611714466e-14,-1.1508383339425377e-14,565.6843778602627,762.2980100318007,0.0,0.0,0.5572209434387437,0.21601249541584397
40.0,20.0,excessive trim residual,10.444870912095878,26.152235972924174,5.045223001237513,-2.169782954935699e-15,-0.8725483064609983,-1.5928369611714466e-14,-1.1508383339425377e-14,553.1078900681313,762.2980100318007,10.0,0.0,0.5610202671958127,0.07819325394497495
40.0,22.0,excessive trim residual,9.366994151567301,25.99185381301052,4.8661578929855605,-1.729537469758672e-15,-0.6540499576618269,-1.3524063486829572e-14,-9.016074906507019e-15,525.778901389438,762.2980100318007,10.0,0.0,0.5648195909528817,0.04750632084755734
40.0,24.0,excessive trim residual,8.289117391038724,25.831471653096855,4.687092784733609,-1.2892919845816437e-15,-0.435551608862655,-1.1119757361944673e-14,-6.523766473588663e-15,496.2808938147054,762.2980100318007,10.0,0.0,0.5686189147099507,0.08425477461720997
40.0,26.0,excessive trim residual,7.211240630510146,25.671089493183203,4.508027676481656,-8.490464994046161e-16,-0.2170532600634832,-8.715451237059775e-15,-4.031458040670307e-15,464.47714836471744,762.2980100318007,10.0,0.0,0.5724182384670197,0.09672048738064404
40.0,28.0,excessive trim residual,6.133363869981569,25.510707333269544,4.328962568229703,-4.08801014227588e-16,0.0014450887356887154,-6.311145112174875e-15,-1.5391496077519506e-15,430.2226899036002,762.2980100318007,20.0,0.0,0.5762175622240887,0.07211579660830661
40.0,30.0,feasible,5.055487109452992,25.350325173355884,4.14989745997775,3.144447094943976e-17,0.21994343753486045,-3.9068389872899776e-15,9.531588251664048e-16,393.3668032767875,762.2980100318007,20.0,0.0,0.5800168859811576,0.01112414065986086
40.0,32.0,excessive trim residual,4.477018669667507,25.656114983434918,4.10143570736168,3.4950986352776394e-16,0.19041727577595946,-7.2384391656865625e-16,8.540196677832405e-16,388.25043384371423,762.2980100318007,20.0,0.0,0.5838162097382268,0.05023186819256589
40.0,34.0,excessive trim residual,3.8985502298820225,25.961904793513952,4.0529739547456085,6.675752561060881e-16,0.16089111401705838,2.459151154152665e-15,7.54880510400076e-16,381.32944475900945,762.2980100318007,20.0,0.0,0.5876155334952957,0.07449970468674388
40.0,36.0,excessive trim residual,3.3200817900965376,26.267694603592982,4.004512202129538,9.856406486844122e-16,0.13136495225815736,5.642146224873985e-15,6.557413530169116e-16,372.5348081279153,762.2980100318007,20.0,0.0,0.5914148572523648,0.07307929034561748
40.0,38.0,rotor stall,2.7416133503110522,26.573484413672013,3.9560504495134676,1.3037060412627363e-15,0.10183879049925629,8.825141295595308e-15,5.566021956337471e-16,361.8023447492842,762.2980100318007,30.0,0.0,0.5952141810094337,0.042699347558902326
40.0,40.0,rotor stall,2.163144910525568,26.879274223751047,3.9075886968973967,1.6217714338410602e-15,0.07231262874035523,1.2008136366316627e-14,4.574630382505827e-16,349.0727639918957,762.2980100318007,30.0,0.0,0.5990135047665027,0.027380650028301548
40.0,42.0,rotor stall,2.163144910525568,26.879274223751047,3.9075886968973967,1.6217714338410602e-15,0.07231262874035523,1.2008136366316627e-14,4.574630382505827e-16,308.3938184397459,762.2980100318007,30.0,0.0,0.6028128285235718,0.1262985149836592
40.0,44.0,rotor stall,2.163144910525568,26.879274223751047,3.9075886968973967,1.6217714338410602e-15,0.07231262874035523,1.2008136366316627e-14,4.574630382505827e-16,264.3255211850227,762.2980100318007,30.0,0.0,0.6066121522806408,0.22805221281195834
45.0,10.0,rotor stall,10.250479788607862,25.41619019809358,4.981567978423249,-6.360316910263021e-16,-0.08805891852344445,-1.102961720231496e-14,-1.3199183540609517e-14,551.9993669091249,762.2980100318007,50.0,0.0,0.5439245045613365,0.6370714113524268
45.0,12.0,rotor stall,10.250479788607862,25.41619019809358,4.981567978423249,-6.360316910263021e-16,-0.08805891852344445,-1.102961720231496e-14,-1.3199183540609517e-14,547.0072930349138,762.2980100318007,30.0,0.0,0.5481039995485792,0.5510230845617033
45.0,14.0,excessive trim residual,10.250479788607862,25.41619019809358,4.981567978423249,-6.360316910263021e-16,-0.08805891852344445,-1.102961720231496e-14,-1.3199183540609517e-14,540.677810529953,762.2980100318007,0.0,0.0,0.5522834945358219,0.44430442134323483
45.0,16.0,excessive trim residual,10.250479788607862,25.41619019809358,4.981567978423249,-6.360316910263021e-16,-0.08805891852344445,-1.102961720231496e-14,-1.3199183540609517e-14,532.9734751018208,762.2980100318007,0.0,0.0,0.5564629895230647,0.316908792210729
45.0,18.0,excessive trim residual,10.250479788607862,25.41619019809358,4.981567978423249,-6.360316910263021e-16,-0.08805891852344445,-1.102961720231496e-14,-1.3199183540609517e-14,523.826284111294,762.2980100318007,0.0,0.0,0.5606424845103074,0.16882608169998517
45.0,20.0,feasible,10.250479788607862,25.41619019809358,4.981567978423249,-6.360316910263021e-16,-0.08805891852344445,-1.102961720231496e-14,-1.3199183540609517e-14,513.1492605934827,762.2980100318007,10.0,0.0,0.5648219794975502,0.00015822172756676687
45.0,22.0,excessive trim residual,9.14302236185663,25.29254711198663,4.83915593824906,-5.245537084887165e-16,-0.022702750934753574,-9.794578406694718e-15,-1.0342174472754992e-14,491.3760680085803,762.2980100318007,10.0,0.0,0.569001474484793,0.06235222897504403
45.0,24.0,excessive trim residual,8.035564935105397,25.168904025879677,4.69674389807487,-4.1307572595113095e-16,0.04265341665393729,-8.559539611074474e-15,-7.48516540490047e-15,467.8381770931028,762.2980100318007,10.0,0.0,0.5731809694720357,0.10052156978044344
45.0,26.0,excessive trim residual,6.928107508354163,25.045260939772724,4.554331857900681,-3.0159774341354527e-16,0.10800958424262817,-7.324500815454231e-15,-4.628156337045945e-15,442.4250633090102,762.2980100318007,10.0,0.0,0.5773604644592785,0.10747215192878769
45.0,28.0,excessive trim residual,5.820650081602931,24.92161785366577,4.411919817726491,-1.901197608759597e-16,0.17336575183131905,-6.089462019833986e-15,-1.7711472691914212e-15,415.0187835852223,762.2980100318007,20.0,0.0,0.5815399594465211,0.0762060741994006
45.0,30.0,feasible,4.713192654851698,24.797974767558816,4.269507777552302,-7.864177833837406e-17,0.23872191942000992,-4.854423224213743e-15,1.0858617986631028e-15,385.4961419851645,762.2980100318007,20.0,0.0,0.5857194544337639,0.001780656890639087
45.0,32.0,excessive trim residual,4.167623115500006,25.10036089395569,4.224035633605834,3.3058100570624657e-16,0.20141021077845814,-1.2459444627104628e-15,9.746254451886755e-16,383.766833177861,762.2980100318007,20.0,0.0,0.5898989494210067,0.047781188942252875
45.0,34.0,excessive trim residual,3.622053576148314,25.402747020352564,4.178563489659366,7.398037897508672e-16,0.16409850213690635,2.3625342987928166e-15,8.633890917142483e-16,380.6435502045221,762.2980100318007,20.0,0.0,0.5940784444082495,0.07489023060657612
45.0,36.0,rotor stall,3.0764840367966224,25.705133146749432,4.133091345712899,1.149026573795488e-15,0.12678679349535454,5.9710130602960976e-15,7.521527382398211e-16,376.06681736731286,762.2980100318007,30.0,0.0,0.5982579393954923,0.0780413122989133
45.0,38.0,rotor stall,2.530914497444931,26.007519273146308,4.087619201766431,1.5582493578401085e-15,0.08947508485380276,9.579491821799376e-15,6.409163847653938e-16,369.9803732298652,762.2980100318007,30.0,0.0,0.602437434382735,0.054177302688817874
45.0,40.0,rotor stall,1.9853449580932394,26.30990539954318,4.042147057819963,1.967472141884729e-15,0.05216337621225098,1.3187970583302657e-14,5.296800312909665e-16,362.3313957422195,762.2980100318007,30.0,0.0,0.6066169293699778,0.0003999949089857182
45.0,42.0,rotor stall,1.9853449580932394,26.30990539954318,4.042147057819963,1.967472141884729e-15,0.05216337621225098,1.3187970583302657e-14,5.296800312909665e-16,328.78637561061,762.2980100318007,30.0,0.0,0.6107964243572206,0.10348388391323533
45.0,44.0,rotor stall,1.9853449580932394,26.30990539954318,4.042147057819963,1.967472141884729e-15,0.05216337621225098,1.3187970583302657e-14,5.296800312909665e-16,292.4336967492316,762.2980100318007,30.0,0.0,0.6149759193444633,0.21346615710413316
50.0,10.0,rotor stall,8.686021016319604,25.35317435217035,5.074895288213164,-8.22723038048203e-16,0.17981949715767184,-6.684104194577409e-15,-1.8772676451558216e-14,551.6825026839897,762.2980100318007,60.0,0.0,0.5456663183097002,0.5815179875459864
50.0,12.0,rotor stall,8.686021016319604,25.35317435217035,5.074895288213164,-8.22723038048203e-16,0.17981949715767184,-6.684104194577409e-15,-1.8772676451558216e-14,547.7410930256168,762.2980100318007,40.0,0.0,0.5501941760466158,0.5080866760299104
50.0,14.0,rotor stall,8.686021016319604,25.35317435217035,5.074895288213164,-8.22723038048203e-16,0.17981949715767184,-6.684104194577409e-15,-1.8772676451558216e-14,542.7144274461648,762.2980100318007,30.0,0.0,0.5547220337835312,0.4163710180498434
50.0,16.0,excessive trim residual,8.686021016319604,25.35317435217035,5.074895288213164,-8.22723038048203e-16,0.17981949715767184,-6.684104194577409e-15,-1.8772676451558216e-14,536.597511554666,762.2980100318007,0.0,0.0,0.5592498915204468,0.3063667570459193
50.0,18.0,excessive trim residual,8.686021016319604,25.35317435217035,5.074895288213164,-8.22723038048203e-16,0.17981949715767184,-6.684104194577409e-15,-1.8772676451558216e-14,529.352128844384,762.2980100318007,0.0,0.0,0.5637777492573623,0.204960287483965
50.0,20.0,excessive trim residual,8.686021016319604,25.35317435217035,5.074895288213164,-8.22723038048203e-16,0.17981949715767184,-6.684104194577409e-15,-1.8772676451558216e-14,520.9194956159649,762.2980100318007,10.0,0.0,0.5683056069942778,0.10522455686429809
50.0,22.0,excessive trim residual,7.716371359207397,25.227306776358382,4.974142786860275,-1.6021489266120515e-15,0.16708053501428596,-9.342351693469204e-15,-2.3769246613031148e-14,501.95870992003097,762.2980100318007,10.0,0.0,0.5728334647311933,0.08645947569688427
50.0,24.0,excessive trim residual,6.746721702095188,25.101439200546416,4.8733902855073845,-2.3815748151759e-15,0.15434157287090006,-1.2000599192361004e-14,-2.876581677450408e-14,481.62213092502316,762.2980100318007,10.0,0.0,0.5773613224681088,0.07741293032699274
50.0,26.0,excessive trim residual,5.777072044982981,24.97557162473445,4.772637784154496,-3.1610007037397483e-15,0.14160261072751415,-1.46588466912528e-14,-3.376238693597701e-14,459.82346595977725,762.2980100318007,10.0,0.0,0.5818891802050243,0.07720161419303795
50.0,28.0,excessive trim residual,4.8074223878707745,24.84970404892248,4.671885282801606,-3.940426592303597e-15,0.1288636485841283,-1.7317094190144598e-14,-3.875895709744994e-14,436.4693026233616,762.2980100318007,20.0,0.0,0.5864170379419399,0.08425931851452939
50.0,30.0,excessive trim residual,3.837772730758567,24.723836473110516,4.571132781448717,-4.719852480867445e-15,0.11612468644074236,-1.9975341689036392e-14,-4.3755527258922866e-14,411.4609367029128,762.2980100318007,20.0,0.0,0.5909448956788554,0.09633597143245638
50.0,32.0,excessive trim residual,3.3936206402237303,24.953031195846854,4.4900026085861136,-3.4214175945294274e-15,0.12398403040357868,-1.3507387580447831e-14,-2.3561917427723663e-14,408.89218215548055,762.2980100318007,20.0,0.0,0.5954727534157709,0.08430677701819599
50.0,34.0,excessive trim residual,2.949468549688893,25.182225918583196,4.408872435723511,-2.1229827081914097e-15,0.13184337436641494,-7.039433471859265e-15,-3.3683075965244533e-15,405.1045059740465,762.2980100318007,20.0,0.0,0.6000006111526864,0.07434000358498909
50.0,36.0,rotor stall,2.5053164591540567,25.411420641319534,4.327742262860908,-8.245478218533922e-16,0.1397027183292512,-5.714793632707014e-16,1.6825302234674753e-14,400.03779313474035,762.2980100318007,30.0,0.0,0.604528468889602,0.06600692845031474
50.0,38.0,rotor stall,2.061164368619219,25.640615364055876,4.2466120899983055,4.738870644846257e-16,0.14756206229208746,5.896474745317865e-15,3.7018912065873965e-14,393.6330604506192,762.2980100318007,30.0,0.0,0.6090563266265174,0.0587371881546992
50.0,40.0,rotor stall,1.6170122780843825,25.869810086792214,4.165481917135703,1.772321950822643e-15,0.15542140625492373,1.2364428853906426e-14,5.721252189707317e-14,385.832811156189,762.2980100318007,30.0,0.0,0.613584184363433,0.051818777907108114
50.0,42.0,reverse flow,1.6170122780843825,25.869810086792214,4.165481917135703,1.772321950822643e-15,0.15542140625492373,1.2364428853906426e-14,5.721252189707317e-14,362.9883671757248,762.2980100318007,30.0,1.25,0.6181120421003485,0.05531423437519188
50.0,44.0,reverse flow,1.6170122780843825,25.869810086792214,4.165481917135703,1.772321950822643e-15,0.15542140625492373,1.2364428853906426e-14,5.721252189707317e-14,334.8655133381063,762.2980100318007,30.0,1.25,0.6226398998372641,0.15306585218272012
55.0,10.0,rotor stall,7.121562244031343,25.290158506247113,5.168222598003078,-1.009414385070104e-15,0.4476979128387881,-2.338591186839857e-15,-2.4346169362506915e-14,551.2912833075185,762.2980100318007,70.0,0.0,0.5472358334011982,0.5317060379714307
55.0,12.0,rotor stall,7.121562244031343,25.290158506247113,5.168222598003078,-1.009414385070104e-15,0.4476979128387881,-2.338591186839857e-15,-2.4346169362506915e-14,548.3393997195978,762.2980100318007,50.0,0.0,0.5520775941564132,0.47043605861295895
55.0,14.0,rotor stall,7.121562244031343,25.290158506247113,5.168222598003078,-1.009414385070104e-15,0.4476979128387881,-2.338591186839857e-15,-2.4346169362506915e-14,544.5314650809391,762.2980100318007,50.0,0.0,0.5569193549116284,0.397633671607196
55.0,16.0,rotor stall,7.121562244031343,25.290158506247113,5.168222598003078,-1.009414385070104e-15,0.4476979128387881,-2.338591186839857e-15,-2.4346169362506915e-14,539.8926852550445,762.2980100318007,30.0,0.0,0.5617611156668434,0.3325504331833877
55.0,18.0,rotor stall,7.121562244031343,25.290158506247113,5.168222598003078,-1.009414385070104e-15,0.4476979128387881,-2.338591186839857e-15,-2.4346169362506915e-14,534.4123206209981,762.2980100318007,30.0,0.0,0.5666028764220585,0.2619301144072516
55.0,20.0,excessive trim residual,7.121562244031343,25.290158506247113,5.168222598003078,-1.009414385070104e-15,0.4476979128387881,-2.338591186839857e-15,-2.4346169362506915e-14,528.0573925108694,762.2980100318007,10.0,0.0,0.5714446371772737,0.18576041826850231
55.0,22.0,excessive trim residual,6.289720356558162,25.162066440730136,5.109129635471488,-2.6797441447353865e-15,0.3568638209633255,-8.890124980243695e-15,-3.71963187533073e-14,511.77003329306314,762.2980100318007,10.0,0.0,0.5762863979324887,0.17090237536831665
55.0,24.0,excessive trim residual,5.457878469084981,25.033974375213155,5.0500366729399,-4.350073904400669e-15,0.26602972908786277,-1.5441658773647533e-14,-5.004646814410769e-14,494.46655815103065,762.2980100318007,10.0,0.0,0.5811281586877038,0.16286786471433468
55.0,26.0,excessive trim residual,4.6260365816118,24.905882309696178,4.9909437104083105,-6.020403664065951e-15,0.17519563721240017,-2.199319256705137e-14,-6.289661753490808e-14,476.0816252212025,762.2980100318007,10.0,0.0,0.585969919442919,0.16096145055427347
55.0,28.0,excessive trim residual,3.794194694138618,24.7777902441792,4.93185074787672,-7.690733423731234e-15,0.08436154533693749,-2.854472636045521e-14,-7.574676692570846e-14,456.54330214004545,762.2980100318007,20.0,0.0,0.5908116801981341,0.16399053379107187
55.0,30.0,excessive trim residual,2.9623528066654368,24.64969817866222,4.872757785345131,-9.361063183396515e-15,-0.006472546538525165,-3.509626015385904e-14,-8.859691631650884e-14,435.77461529304327,762.2980100318007,20.0,0.0,0.5956534409533492,0.17026503294037132
55.0,32.0,excessive trim residual,2.619618164947455,24.805701497738028,4.755969583566394,-7.173416194765101e-15,0.046557850028699194,-2.57688306981852e-14,-4.8098460300636006e-14,432.10485514643585,762.2980100318007,20.0,0.0,0.6004952017085643,0.15260327401525317
55.0,34.0,excessive trim residual,2.2768835232294724,24.961704816813832,4.639181381787656,-4.985769206133687e-15,0.09958824659592352,-1.644140124251135e-14,-7.600004284763154e-15,427.4352715145645,762.2980100318007,20.0,0.0,0.6053369624637793,0.1359455609043133
55.0,36.0,rotor stall,1.9341488815114902,25.117708135889636,4.522393180008918,-2.7981222175022725e-15,0.15261864316314783,-7.1139717868375e-15,3.2898451731109684e-14,421.7108723878879,762.2980100318007,30.0,0.0,0.6101787232189945,0.12005599774080046
55.0,38.0,rotor stall,1.5914142397935076,25.273711454965444,4.405604978230181,-6.10475228870857e-16,0.20564903973037219,2.213457668836352e-15,7.339690774698254e-14,414.87605230855974,762.2980100318007,30.0,0.0,0.6150204839742095,0.10461436487887034
55.0,40.0,reverse flow,1.2486795980755254,25.429714774041244,4.288816776451442,1.5771717597605567e-15,0.2586794362975965,1.1540887124510199e-14,1.1389536376285539e-13,409.74485736107306,762.2980100318007,30.0,1.25,0.6198622447294246,0.09414566390250154
55.0,42.0,reverse flow,1.2486795980755254,25.429714774041244,4.288816776451442,1.5771717597605567e-15,0.2586794362975965,1.1540887124510199e-14,1.1389536376285539e-13,390.3525754663253,762.2980100318007,30.0,1.25,0.6247040054846398,0.03476243115308432
55.0,44.0,reverse flow,1.2486795980755254,25.429714774041244,4.288816776451442,1.5771717597605567e-15,0.2586794362975965,1.1540887124510199e-14,1.1389536376285539e-13,369.3315204560702,762.2980100318007,30.0,1.25,0.6295457662398548,0.10964799794229863
60.0,10.0,rotor stall,5.557103471743083,25.227142660323878,5.261549907792992,-1.1961057320920049e-15,0.7155763285199045,2.006921820897695e-15,-2.9919662273455614e-14,847.5472371288442,762.2980100318007,80.0,0.0,0.6290868017436883,0.7380901500098241
60.0,12.0,rotor stall,5.557103471743083,25.227142660323878,5.261549907792992,-1.1961057320920049e-15,0.7155763285199045,2.006921820897695e-15,-2.9919662273455614e-14,845.544248402311,762.2980100318007,70.0,0.0,0.6342056167943206,0.6944850331660387
60.0,14.0,rotor stall,5.557103471743083,25.227142660323878,5.261549907792992,-1.1961057320920049e-15,0.7155763285199045,2.006921820897695e-15,-2.9919662273455614e-14,842.6840402236046,762.2980100318007,70.0,0.0,0.639324431844953,0.6470138776765447
60.0,16.0,rotor stall,5.557103471743083,25.227142660323878,5.261549907792992,-1.1961057320920049e-15,0.7155763285199045,2.006921820897695e-15,-2.9919662273455614e-14,839.0711967334873,762.2980100318007,60.0,0.0,0.6444432468955855,0.5956708399303492
60.0,18.0,rotor stall,5.557103471743083,25.227142660323878,5.261549907792992,-1.1961057320920049e-15,0.7155763285199045,2.006921820897695e-15,-2.9919662273455614e-14,834.7577249258009,762.2980100318007,50.0,0.0,0.6495620619462179,0.540449244182989
60.0,20.0,rotor stall,5.557103471743083,25.227142660323878,5.261549907792992,-1.1961057320920049e-15,0.7155763285199045,2.006921820897695e-15,-2.9919662273455614e-14,829.7613169327952,762.2980100318007,50.0,0.0,0.6546808769968503,0.48134129480533083
60.0,22.0,rotor stall,4.863069353908929,25.09682610510189,5.244116484082704,-3.757339362858721e-15,0.546647106912365,-8.437898267018186e-15,-5.062339089358346e-14,810.8428676677316,762.2980100318007,40.0,0.0,0.6597996920474828,0.4638611772635332
60.0,24.0,rotor stall,4.169035236074773,24.9665095498799,5.226683060372414,-6.318572993625437e-15,0.3777178853048256,-1.8882718354934062e-14,-7.13271195137113e-14,791.1959934163633,762.2980100318007,40.0,0.0,0.6649185070981152,0.4508340745047898
60.0,26.0,rotor stall,3.475001118240618,24.836192994657907,5.209249636662125,-8.879806624392153e-15,0.20878866369728613,-2.932753844284994e-14,-9.203084813383914e-14,770.7852591444803,762.2980100318007,30.0,0.0,0.6700373221487476,0.44174264406256053
60.0,28.0,excessive trim residual,2.780967000406463,24.70587643943591,5.191816212951836,-1.144104025515887e-14,0.03985944208974673,-3.977235853076582e-14,-1.1273457675396697e-13,749.5662979210283,762.2980100318007,10.0,0.0,0.6751561371993801,0.4357280167597444
60.0,30.0,excessive trim residual,2.086932882572307,24.575559884213924,5.174382789241546,-1.4002273885925587e-14,-0.12906977951779264,-5.0217178618681687e-14,-1.334383053740948e-13,727.4880999716758,762.2980100318007,10.0,0.0,0.6802749522500124,0.43158941103624865
60.0,32.0,excessive trim residual,1.8456156896711797,24.658371799629197,5.021936558546674,-1.0925414795000775e-14,-0.03086833034618025,-3.803027381592256e-14,-7.263500317354833e-14,723.5440667490869,762.2980100318007,20.0,0.0,0.6853937673006448,0.4084755054156406
60.0,34.0,excessive trim residual,1.6042984967700515,24.741183715044468,4.869490327851801,-7.848555704075963e-15,0.06733311882543211,-2.5843369013163428e-14,-1.183170097300185e-14,718.8716351834158,762.2980100318007,20.0,0.0,0.6905125823512773,0.38557809955379085
60.0,36.0,excessive trim residual,1.3629813038689238,24.82399563045974,4.717044097156928,-4.771696613151153e-15,0.16553456799704447,-1.3656464210404297e-14,4.8971601227544606e-14,713.4340561941945,762.2980100318007,20.0,0.0,0.6956313974019097,0.3627972801342807
60.0,38.0,excessive trim residual,1.121664110967796,24.90680754587501,4.564597866462056,-1.6948375222263396e-15,0.2637360171686569,-1.4695594076451615e-15,1.097749034280911e-13,707.1909414962364,762.2980100318007,20.0,0.0,0.7007502124525421,0.33998960919669474
60.0,40.0,excessive trim residual,0.8803469180666681,24.989619461290275,4.4121516357671835,1.3820215686984707e-15,0.36193746634026924,1.0717345395113968e-14,1.7057820562863756e-13,700.0991738458782,762.2980100318007,20.0,0.0,0.7058690275031746,0.31696883342600746
60.0,42.0,reverse flow,0.8803469180666681,24.989619461290275,4.4121516357671835,1.3820215686984707e-15,0.36193746634026924,1.0717345395113968e-14,1.7057820562863756e-13,688.3557209573892,762.2980100318007,30.0,1.25,0.710987842553807,0.3776971349991213
60.0,44.0,reverse flow,0.8803469180666681,24.989619461290275,4.4121516357671835,1.3820215686984707e-15,0.36193746634026924,1.0717345395113968e-14,1.7057820562863756e-13,672.9254262739511,762.2980100318007,30.0,1.25,0.7161066576044394,0.45388518592988114
65.0,10.0,rotor stall,3.992644699454824,25.164126814400646,5.3548772175829065,-1.3827970791139057e-15,0.9834547442010207,6.352434828635247e-15,-3.5493155184404316e-14,845.7953016263231,762.2980100318007,80.0,0.0,0.6302772868539731,0.6576217673954291
65.0,12.0,rotor stall,3.992644699454824,25.164126814400646,5.3548772175829065,-1.3827970791139057e-15,0.9834547442010207,6.352434828635247e-15,-3.5493155184404316e-14,844.6989970438353,762.2980100318007,70.0,0.0,0.6356341989266625,0.6256710316301771
65.0,14.0,rotor stall,3.992644699454824,25.164126814400646,5.3548772175829065,-1.3827970791139057e-15,0.9834547442010207,6.352434828635247e-15,-3.5493155184404316e-14,842.9022188009704,762.2980100318007,70.0,0.0,0.6409911109993519,0.5911428754217618
65.0,16.0,rotor stall,3.992644699454824,25.164126814400646,5.3548772175829065,-1.3827970791139057e-15,0.9834547442010207,6.352434828635247e-15,-3.5493155184404316e-14,840.5376208606116,762.2980100318007,60.0,0.0,0.6463480230720413,0.5540340653230877
65.0,18.0,rotor stall,3.992644699454824,25.164126814400646,5.3548772175829065,-1.3827970791139057e-15,0.9834547442010207,6.352434828635247e-15,-3.5493155184404316e-14,837.6818718037248,762.2980100318007,60.0,0.0,0.6517049351447307,0.5143404276767523
65.0,20.0,rotor stall,3.992644699454824,25.164126814400646,5.3548772175829065,-1.3827970791139057e-15,0.9834547442010207,6.352434828635247e-15,-3.5493155184404316e-14,834.3748889812257,762.2980100318007,50.0,0.0,0.6570618472174201,0.4720565264403877
65.0,22.0,rotor stall,3.4364183512596944,25.03158576947364,5.3791033326939175,-4.834934580982056e-15,0.7364303928614045,-7.985671553792674e-15,-6.405046303385961e-14,817.978618944276,762.2980100318007,50.0,0.0,0.6624187592901095,0.4572869159122557
65.0,24.0,rotor stall,2.880192003064565,24.899044724546634,5.4033294478049285,-8.287072082850207e-15,0.48940604152178835,-2.2323777936220594e-14,-9.260777088331491e-14,801.1537117528565,762.2980100318007,50.0,0.0,0.6677756713627989,0.44501761013450086
65.0,26.0,rotor stall,2.3239656548694354,24.766503679619632,5.4275555629159395,-1.1739209584718356e-14,0.24238169018217215,-3.666188431864851e-14,-1.2116507873277019e-13,783.8761412543604,762.2980100318007,40.0,0.0,0.6731325834354883,0.4348854276917872
65.0,28.0,rotor stall,1.7677393066743063,24.63396263469263,5.451781678026951,-1.519134708658651e-14,-0.004642661157444106,-5.099999070107643e-14,-1.497223865822255e-13,766.1136138433519,762.2980100318007,40.0,0.0,0.6784894955081776,0.42631122426013796
65.0,30.0,rotor stall,1.2115129584791768,24.501421589765627,5.476007793137961,-1.8643484588454655e-14,-0.25166701249706025,-6.533809708350435e-14,-1.7827969443168078e-13,747.827766665645,762.2980100318007,40.0,0.0,0.683846407580867,0.4184996135923548
65.0,32.0,rotor stall,1.071613214394904,24.511042101520363,5.287903533526954,-1.467741339523645e-14,-0.10829451072105978,-5.0291716933659934e-14,-9.717154604646067e-14,739.3542944658833,762.2980100318007,30.0,0.0,0.6892033196535565,0.39134124913008117
65.0,34.0,rotor stall,0.9317134703106302,24.5206626132751,5.099799273915946,-1.0711342202018241e-14,0.035077991054940694,-3.524533678381551e-14,-1.606339766124055e-14,730.3866589043577,762.2980100318007,30.0,0.0,0.6945602317262459,0.3637999675872932
65.0,36.0,rotor stall,0.7918137262263576,24.53028312502984,4.9116950143049385,-6.745271008800033e-15,0.1784504928309411,-2.0198956633971096e-14,6.504475072397954e-14,720.9018046818709,762.2980100318007,30.0,0.0,0.6999171437989353,0.3358497173696339
65.0,38.0,excessive trim residual,0.6519139821420843,24.539903636784572,4.723590754693931,-2.7791998155818223e-15,0.3218229946069416,-5.152576484126674e-15,1.4615289910919968e-13,710.8717243744743,762.2980100318007,20.0,0.0,0.7052740558716246,0.3074485588832493
65.0,40.0,excessive trim residual,0.5120142380578112,24.549524148539312,4.535486495082923,1.1868713776363846e-15,0.46519549638294194,9.893803665717739e-15,2.272610474944198e-13,700.26460074478,762.2980100318007,20.0,0.0,0.710630967944314,0.30189561075949434
65.0,42.0,reverse flow,0.5120142380578112,24.549524148539312,4.535486495082923,1.1868713776363846e-15,0.46519549638294194,9.893803665717739e-15,2.272610474944198e-13,693.3729058340398,762.2980100318007,20.0,1.25,0.7159878800170034,0.3658424286083481
65.0,44.0,reverse flow,0.5120142380578112,24.549524148539312,4.535486495082923,1.1868713776363846e-15,0.46519549638294194,9.893803665717739e-15,2.272610474944198e-13,683.4945381860613,762.2980100318007,30.0,1.25,0.7213447920896928,0.435361409748584
70.0,10.0,rotor stall,2.4281859271665645,25.101110968477414,5.4482045273728215,-1.5694884261358067e-15,1.251333159882137,1.0697947836372797e-14,-4.106664809535302e-14,843.820965364881,762.2980100318007,80.0,0.0,0.6312639252869324,0.5643193089076426
70.0,12.0,rotor stall,2.4281859271665645,25.101110968477414,5.4482045273728215,-1.5694884261358067e-15,1.251333159882137,1.0697947836372797e-14,-4.106664809535302e-14,843.4888782280436,762.2980100318007,70.0,0.0,0.6368181650462137,0.5414332268535808
70.0,14.0,rotor stall,2.4281859271665645,25.101110968477414,5.4482045273728215,-1.5694884261358067e-15,1.251333159882137,1.0697947836372797e-14,-4.106664809535302e-14,842.5646534850932,762.2980100318007,70.0,0.0,0.6423724048054948,0.5169029182161893
70.0,16.0,rotor stall,2.4281859271665645,25.101110968477414,5.4482045273728215,-1.5694884261358067e-15,1.251333159882137,1.0697947836372797e-14,-4.106664809535302e-14,841.2058159681172,762.2980100318007,60.0,0.0,0.6479266445647762,0.4907273270902782
70.0,18.0,rotor stall,2.4281859271665645,25.101110968477414,5.4482045273728215,-1.5694884261358067e-15,1.251333159882137,1.0697947836372797e-14,-4.106664809535302e-14,839.5108787815249,762.2980100318007,60.0,0.0,0.6534808843240575,0.46290443725063396
70.0,20.0,rotor stall,2.4281859271665645,25.101110968477414,5.4482045273728215,-1.5694884261358067e-15,1.251333159882137,1.0697947836372797e-14,-4.106664809535302e-14,837.5392990062543,762.2980100318007,60.0,0.0,0.6590351240833386,0.43343116109936536
70.0,22.0,rotor stall,2.009767348610461,24.966345433845394,5.514090181305132,-5.912529799105391e-15,0.926213678810444,-7.533444840567161e-15,-7.747753517413577e-14,823.3554701072068,762.2980100318007,60.0,0.0,0.6645893638426199,0.4200586411843068
70.0,24.0,rotor stall,1.591348770054357,24.831579899213374,5.579975835237443,-1.0255571172074976e-14,0.6010941977387511,-2.5764837517507126e-14,-1.1388842225291853e-13,808.9992002846769,762.2980100318007,50.0,0.0,0.6701436036019013,0.40769573267556725
70.0,26.0,rotor stall,1.1729301914982535,24.69681436458136,5.6458614891697545,-1.459861254504456e-14,0.2759747166670582,-4.399623019444708e-14,-1.5029930933170126e-13,794.4543038390027,762.2980100318007,50.0,0.0,0.6756978433611824,0.3961103710012309
70.0,28.0,rotor stall,0.7545116129421499,24.56204882994934,5.711747143102065,-1.8941653918014145e-14,-0.04914476440463483,-6.222762287138704e-14,-1.8671019641048402e-13,779.6967509618386,762.2980100318007,50.0,0.0,0.6812520831204637,0.38495073188994566
70.0,30.0,rotor stall,0.33609303438604643,24.427283295317324,5.777632797034377,-2.3284695290983727e-14,-0.37426424547632775,-8.0459015548327e-14,-2.2312108348926676e-13,764.6967542118639,762.2980100318007,50.0,0.0,0.686806322879745,0.3737448302556798
70.0,32.0,rotor stall,0.2976107391186281,24.36371240341153,5.553870508507234,-1.8429411995472123e-14,-0.18572069109593922,-6.25531600513973e-14,-1.2170808891937302e-13,751.0956739029904,762.2980100318007,50.0,0.0,0.6923605626390262,0.34399498202172824
70.0,34.0,rotor stall,0.25912844385120953,24.300141511505736,5.330108219980091,-1.3574128699960517e-14,0.0028228632844493062,-4.4647304554467596e-14,-2.029509434947925e-14,737.2516590241174,762.2980100318007,40.0,0.0,0.6979148023983075,0.3134477530108608
70.0,36.0,rotor stall,0.22064614858379106,24.236570619599934,5.106345931452949,-8.718845404448913e-15,0.19136641766483772,-2.6741449057537898e-14,8.111790022041445e-14,723.1565970743882,762.2980100318007,40.0,0.0,0.7034690421575888,0.2820891114371096
70.0,38.0,rotor stall,0.18216385331637241,24.17299972769414,4.882583642925805,-3.863562108937305e-15,0.37990997204522625,-8.835593560608188e-15,1.8253089479030825e-13,708.7961307155994,762.2980100318007,30.0,0.0,0.70902328191687,0.26389055427324126
70.0,40.0,reverse flow,0.143681558048954,24.109428835788343,4.658821354398663,9.917211865742982e-16,0.5684535264256148,9.070261936321508e-15,2.83943889360202e-13,696.159125286717,762.2980100318007,30.0,1.25,0.7145775216761512,0.28731497227354535
70.0,42.0,reverse flow,0.143681558048954,24.109428835788343,4.658821354398663,9.917211865742982e-16,0.5684535264256148,9.070261936321508e-15,2.83943889360202e-13,691.0410099803278,762.2980100318007,30.0,1.25,0.7201317614354326,0.346785325580303
70.0,44.0,reverse flow,0.143681558048954,24.109428835788343,4.658821354398663,9.917211865742982e-16,0.5684535264256148,9.070261936321508e-15,2.83943889360202e-13,685.536751615635,762.2980100318007,30.0,1.25,0.7256860011947138,0.41011665076782594
75.0,10.0,rotor stall,0.8637271548783043,25.038095122554175,5.541531837162736,-1.7561797731577078e-15,1.5192115755632534,1.504346084411035e-14,-4.6640141006301715e-14,841.5916797523964,762.2980100318007,80.0,0.0,0.6320392081283428,0.45900009101625744
75.0,12.0,rotor stall,0.8637271548783043,25.038095122554175,5.541531837162736,-1.7561797731577078e-15,1.5192115755632534,1.504346084411035e-14,-4.6640141006301715e-14,841.8677276459741,762.2980100318007,70.0,0.0,0.6377485044559061,0.4424869962004251
75.0,14.0,rotor stall,0.8637271548783043,25.038095122554175,5.541531837162736,-1.7561797731577078e-15,1.5192115755632534,1.504346084411035e-14,-4.6640141006301715e-14,841.6073767656392,762.2980100318007,70.0,0.0,0.6434578007834694,0.42491057793781606
75.0,16.0,rotor stall,0.8637271548783043,25.038095122554175,5.541531837162736,-1.7561797731577078e-15,1.5192115755632534,1.504346084411035e-14,-4.6640141006301715e-14,840.989762589633,762.2980100318007,70.0,0.0,0.6491670971110327,0.40627133939533544
75.0,18.0,rotor stall,0.8637271548783043,25.038095122554175,5.541531837162736,-1.7561797731577078e-15,1.5192115755632534,1.504346084411035e-14,-4.6640141006301715e-14,840.1325648901611,762.2980100318007,60.0,0.0,0.654876393438596,0.3865689420038176
75.0,20.0,rotor stall,0.8637271548783043,25.038095122554175,5.541531837162736,-1.7561797731577078e-15,1.5192115755632534,1.504346084411035e-14,-4.6640141006301715e-14,839.1123263634986,762.2980100318007,60.0,0.0,0.6605856897661594,0.3658021045664129
75.0,22.0,rotor stall,0.5831163459612272,24.901105098217148,5.649077029916347,-6.990125017228726e-15,1.1159969647594836,-7.081218127341652e-15,-9.090460731441192e-14,826.8021448887528,762.2980100318007,60.0,0.0,0.6662949860937227,0.3524660879519498
75.0,24.0,rotor stall,0.3025055370441495,24.76411507388012,5.756622222669957,-1.2224070261299744e-14,0.7127823539557139,-2.9205897098793655e-14,-1.3516907362252213e-13,814.5326854592375,762.2980100318007,60.0,0.0,0.6720042824212861,0.33911340133728257
75.0,26.0,rotor stall,0.02189472812707205,24.62712504954309,5.8641674154235695,-1.745801550537076e-14,0.3095677431519442,-5.1330576070245644e-14,-1.794335399306323e-13,802.2929086746798,762.2980100318007,60.0,0.0,0.6777135787488493,0.3256177042604343
75.0,28.0,rotor stall,-0.25871608079000574,24.490135025206058,5.97171260817718,-2.269196074944178e-14,-0.09364686765182562,-7.345525504169765e-14,-2.2369800623874252e-13,790.0641618230776,762.2980100318007,60.0,0.0,0.6834228750764126,0.31180023948361857
75.0,30.0,rotor stall,-0.5393268897070835,24.353145000869027,6.079257800930791,-2.7925905993512802e-14,-0.4968614784555952,-9.557993401314964e-14,-2.6796247254685273e-13,777.8221277865268,762.2980100318007,60.0,0.0,0.6891321714039761,0.2974291685017939
75.0,32.0,rotor stall,-0.4763917361576473,24.2163827053027,5.819837483487514,-2.2181410595707797e-14,-0.26314687147081867,-7.481460316913467e-14,-1.4624463179228534e-13,758.4490925546214,762.2980100318007,50.0,0.0,0.6948414677315393,0.2665690373423273
75.0,34.0,rotor stall,-0.4134565826082113,24.07962040973637,5.560417166044235,-1.6436915197902795e-14,-0.029432264486042137,-5.4049272325119675e-14,-2.4526791037717953e-14,739.0925921912749,762.2980100318007,50.0,0.0,0.7005507640591027,0.23466680134868848
75.0,36.0,rotor stall,-0.35052142905877515,23.942858114170036,5.300996848600958,-1.0692419800097793e-14,0.20428234249873437,-3.328394148110469e-14,9.71910497168494e-14,719.7596934436531,762.2980100318007,40.0,0.0,0.706260060386666,0.20165644008548475
75.0,38.0,reverse flow,-0.28758627550933896,23.80609581860371,5.041576531157681,-4.947924402292788e-15,0.437996949483511,-1.25186106370897e-14,2.1890889047141682e-13,701.9307170802483,762.2980100318007,40.0,1.25,0.7119693567142293,0.2226068867990182
75.0,40.0,reverse flow,-0.2246511219599031,23.669333523037373,4.782156213714403,7.965709955122122e-16,0.6717115564682875,8.24672020692528e-15,3.406267312259841e-13,682.9217917038056,762.2980100318007,40.0,1.25,0.7176786530417926,0.261035045701578
75.0,42.0,reverse flow,-0.2246511219599031,23.669333523037373,4.782156213714403,7.965709955122122e-16,0.6717115564682875,8.24672020692528e-15,3.406267312259841e-13,680.710406242656,762.2980100318007,40.0,1.25,0.7233879493693559,0.31474422569767657
75.0,44.0,reverse flow,-0.2246511219599031,23.669333523037373,4.782156213714403,7.965709955122122e-16,0.6717115564682875,8.24672020692528e-15,3.406267312259841e-13,678.3501450745006,762.2980100318007,40.0,1.25,0.7290972456969192,0.37180274708897704
80.0,10.0,rotor stall,-0.7007316174099549,24.975079276630943,5.63485914695265,-1.9428711201796088e-15,1.7870899912443696,1.93889738518479e-14,-5.221363391725042e-14,839.0861779266396,762.2980100318007,80.0,0.0,0.6325972350076524,0.3426776263863696
80.0,12.0,rotor stall,-0.7007316174099549,24.975079276630943,5.63485914695265,-1.9428711201796088e-15,1.7870899912443696,1.93889738518479e-14,-5.221363391725042e-14,839.8085983703286,762.2980100318007,70.0,0.0,0.6384181367110777,0.3297952994145442
80.0,14.0,rotor stall,-0.7007316174099549,24.975079276630943,5.63485914695265,-1.9428711201796088e-15,1.7870899912443696,1.93889738518479e-14,-5.221363391725042e-14,839.9956305047081,762.2980100318007,70.0,0.0,0.6442390384145029,0.3160867799494422
80.0,16.0,rotor stall,-0.7007316174099549,24.975079276630943,5.63485914695265,-1.9428711201796088e-15,1.7870899912443696,1.93889738518479e-14,-5.221363391725042e-14,839.8446592564803,762.2980100318007,70.0,0.0,0.6500599401179282,0.3015534790988008
80.0,18.0,rotor stall,-0.7007316174099549,24.975079276630943,5.63485914695265,-1.9428711201796088e-15,1.7870899912443696,1.93889738518479e-14,-5.221363391725042e-14,839.48997537595,762.2980100318007,60.0,0.0,0.6558808418213535,0.2861961089409982
80.0,20.0,rotor stall,-0.7007316174099549,24.975079276630943,5.63485914695265,-1.9428711201796088e-15,1.7870899912443696,1.93889738518479e-14,-5.221363391725042e-14,839.0230687631013,762.2980100318007,60.0,0.0,0.6617017435247787,0.2700146008099
80.0,22.0,rotor stall,-0.8435346566880069,24.8358647625889,5.784063878527561,-8.06772023535206e-15,1.3057802507085232,-6.62899141411614e-15,-1.0433167945468808e-13,828.2353702649312,762.2980100318007,60.0,0.0,0.667522645228204,0.25537129852071494
80.0,24.0,rotor stall,-0.9863376959660588,24.696650248546856,5.933268610102472,-1.4192569350524514e-14,0.8244705101726766,-3.264695668008018e-14,-1.5644972499212573e-13,817.6611439758846,762.2980100318007,60.0,0.0,0.6733435469316292,0.24015723171895975
80.0,26.0,rotor stall,-1.1291407352441105,24.557435734504818,6.0824733416773835,-2.0317418465696964e-14,0.3431607696368302,-5.866492194604422e-14,-2.0856777052956338e-13,807.2929185540896,762.2980100318007,60.0,0.0,0.6791644486350545,0.22432515322636148
80.0,28.0,rotor stall,-1.2719437745221622,24.418221220462772,6.231678073252295,-2.6442267580869417e-14,-0.13814897089901645,-8.468288721200826e-14,-2.6068581606700104e-13,797.1156858788735,762.2980100318007,60.0,0.0,0.6849853503384798,0.20781408519595707
80.0,30.0,rotor stall,-1.4147468138002142,24.27900670642073,6.380882804827206,-3.256711669604187e-14,-0.6194587114348628,-1.1070085247797231e-13,-3.1280386160443865e-13,787.1087373267497,762.2980100318007,60.0,0.0,0.690806252041905,0.19054847160173613
80.0,32.0,rotor stall,-1.250394211433923,24.06905300719387,6.085804458467793,-2.593340919594347e-14,-0.3405730518456982,-8.707604628687203e-14,-1.7078117466519772e-13,761.3042439285178,762.2980100318007,60.0,0.0,0.6966271537453304,0.1601670363797198
80.0,34.0,rotor stall,-1.0860416090676324,23.859099307967007,5.7907261121083815,-1.9299701695845073e-14,-0.06168739225653358,-6.345124009577175e-14,-2.875848772595668e-14,735.7790635465877,762.2980100318007,50.0,0.0,0.7024480554487555,0.15937945488252572
80.0,36.0,rotor stall,-0.9216890067013417,23.649145608740138,5.495647765748968,-1.2665994195746673e-14,0.217198267332631,-3.982643390467149e-14,1.1326419921328431e-13,710.5554737381532,762.2980100318007,50.0,0.0,0.7082689571521807,0.19833403218380116
80.0,38.0,reverse flow,-0.757336404335051,23.439191909513276,5.200569419389556,-6.032286695648272e-15,0.4960839269217957,-1.6201627713571216e-14,2.5528688615252534e-13,686.9255097432292,762.2980100318007,40.0,1.25,0.714089858855606,0.22199088354358154
80.0,40.0,reverse flow,-0.5929838019687601,23.22923821028641,4.905491073030143,6.01420804450126e-16,0.7749695865109602,7.423178477529048e-15,3.9730957309176633e-13,662.5996404784271,762.2980100318007,40.0,1.25,0.7199107605590312,0.22969692987374637
80.0,42.0,reverse flow,-0.5929838019687601,23.22923821028641,4.905491073030143,6.01420804450126e-16,0.7749695865109602,7.423178477529048e-15,3.9730957309176633e-13,662.1621968653252,762.2980100318007,40.0,1.25,0.7257316622624567,0.26419284125287157
80.0,44.0,reverse flow,-0.5929838019687601,23.22923821028641,4.905491073030143,6.01420804450126e-16,0.7749695865109602,7.423178477529048e-15,3.9730957309176633e-13,661.7266576746305,762.2980100318007,40.0,1.25,0.7315525639658819,0.31434918564526526
85.0,10.0,rotor stall,-2.265190389698215,24.912063430707708,5.728186456742565,-2.1295624672015094e-15,2.054968406925486,2.3734486859585454e-14,-5.778712682819911e-14,836.2946811444709,762.2980100318007,80.0,0.0,0.632933759003364,0.21655552246754609
85.0,12.0,rotor stall,-2.265190389698215,24.912063430707708,5.728186456742565,-2.1295624672015094e-15,2.054968406925486,2.3734486859585454e-14,-5.778712682819911e-14,837.3042169319882,762.2980100318007,80.0,0.0,0.6388219655059316,0.2045611251016076
85.0,14.0,rotor stall,-2.265190389698215,24.912063430707708,5.728186456742565,-2.1295624672015094e-15,2.054968406925486,2.3734486859585454e-14,-5.778712682819911e-14,837.7245370460914,762.2980100318007,70.0,0.0,0.6447101720084992,0.1916468059901039
85.0,16.0,rotor stall,-2.265190389698215,24.912063430707708,5.728186456742565,-2.1295624672015094e-15,2.054968406925486,2.3734486859585454e-14,-5.778712682819911e-14,837.7677273637707,762.2980100318007,70.0,0.0,0.6505983785110668,0.17781433549735945
85.0,18.0,rotor stall,-2.265190389698215,24.912063430707708,5.728186456742565,-2.1295624672015094e-15,2.054968406925486,2.3734486859585454e-14,-5.778712682819911e-14,837.5821507288166,762.2980100318007,60.0,0.0,0.6564865850136343,0.16306489406853397
85.0,20.0,rotor stall,-2.265190389698215,24.912063430707708,5.728186456742565,-2.1295624672015094e-15,2.054968406925486,2.3734486859585454e-14,-5.778712682819911e-14,837.2723259200448,762.2980100318007,60.0,0.0,0.662374791516202,0.1473990473187482
85.0,22.0,rotor stall,-2.2701856593372405,24.77062442696066,5.919050727138776,-9.145315453475396e-15,1.4955635366575628,-6.176764700890631e-15,-1.1775875159496425e-13,827.6588401114203,762.2980100318007,60.0,0.0,0.6682629980187695,0.1301789273606628
85.0,24.0,rotor stall,-2.2751809289762663,24.6291854232136,6.109914997534988,-1.6161068439749282e-14,0.9361586663896393,-3.608801626136671e-14,-1.7773037636172935e-13,818.3950317114299,762.2980100318007,60.0,0.0,0.6741512045213371,0.11231818900437075
85.0,26.0,rotor stall,-2.280176198615292,24.487746419466546,6.3007792679311985,-2.3176821426023168e-14,0.3767537961217162,-6.599926782184278e-14,-2.3770200112849446e-13,809.4764862736159,762.2980100318007,60.0,0.0,0.6800394110239047,0.09382170059120293
85.0,28.0,rotor stall,-2.285171468254318,24.34630741571949,6.491643538327409,-3.0192574412297053e-14,-0.18265107414620718,-9.591051938231888e-14,-2.976736258952596e-13,800.891311741079,762.2980100318007,70.0,0.0,0.6859276175264724,0.0746909091122412
85.0,30.0,rotor stall,-2.2901667378933444,24.20486841197243,6.68250780872362,-3.7208327398570936e-14,-0.7420559444141304,-1.2582177094279494e-13,-3.5764525066202467e-13,792.6218478595576,762.2980100318007,70.0,0.0,0.6918158240290398,0.07169718053094402
85.0,32.0,rotor stall,-2.024396686710199,23.92172330908504,6.351771433448073,-2.9685407796179147e-14,-0.41799923222057767,-9.933748940460941e-14,-1.9531771753811004e-13,759.7353043042372,762.2980100318007,60.0,0.0,0.6977040305316075,0.14966963449645626
85.0,34.0,rotor stall,-1.7586266355270532,23.638578206197636,6.021035058172527,-2.216248819378735e-14,-0.09394252002702497,-7.285320786642384e-14,-3.2990184414195355e-14,727.3911645181032,762.2980100318007,50.0,0.0,0.7035922370341751,0.2131695949496614
85.0,36.0,rotor stall,-1.4928565843439079,23.35543310331024,5.690298682896978,-1.4639568591395553e-14,0.23011419216652768,-4.636892632823829e-14,1.2933734870971928e-13,695.6273044773402,762.2980100318007,50.0,0.0,0.7094804435367427,0.26155364607468035
85.0,38.0,reverse flow,-1.2270865331607623,23.07228800042284,5.359562307621431,-7.116648989003753e-15,0.5541709043600804,-1.9884644790052725e-14,2.9166488183363396e-13,665.561874125022,762.2980100318007,40.0,1.25,0.7153686500393103,0.29404546939004395
85.0,40.0,reverse flow,-0.9613164819776171,22.78914289753544,5.0288259323458835,4.0627061338803983e-16,0.8782276165536329,6.599636748132819e-15,4.539924149575486e-13,635.2713645180426,762.2980100318007,40.0,1.25,0.7212568565418778,0.3098958221946916
85.0,42.0,reverse flow,-0.9613164819776171,22.78914289753544,5.0288259323458835,4.0627061338803983e-16,0.8782276165536329,6.599636748132819e-15,4.539924149575486e-13,635.5172571896992,762.2980100318007,40.0,1.25,0.7271450630444454,0.306634061692977
85.0,44.0,reverse flow,-0.9613164819776171,22.78914289753544,5.0288259323458835,4.0627061338803983e-16,0.8782276165536329,6.599636748132819e-15,4.539924149575486e-13,635.8388183490702,762.2980100318007,40.0,1.25,0.733033269547013,0.3011121107426887
90.0,10.0,rotor stall,-3.8296491619864743,24.849047584784476,5.821513766532479,-2.3162538142234104e-15,2.322846822606602,2.8079999867323004e-14,-6.336061973914782e-14,833.2183741499947,762.2980100318007,80.0,0.0,0.6330462189646715,0.22224537450147933
90.0,12.0,rotor stall,-3.8296491619864743,24.849047584784476,5.821513766532479,-2.3162538142234104e-15,2.322846822606602,2.8079999867323004e-14,-6.336061973914782e-14,834.3663888559727,762.2980100318007,80.0,0.0,0.6389569174595006,0.14704832097446063
90.0,14.0,rotor stall,-3.8296491619864743,24.849047584784476,5.821513766532479,-2.3162538142234104e-15,2.322846822606602,2.8079999867323004e-14,-6.336061973914782e-14,834.8184539010139,762.2980100318007,70.0,0.0,0.6448676159543296,0.08884159928440888
90.0,16.0,rotor stall,-3.8296491619864743,24.849047584784476,5.821513766532479,-2.3162538142234104e-15,2.322846822606602,2.8079999867323004e-14,-6.336061973914782e-14,834.7974201270667,762.2980100318007,70.0,0.0,0.6507783144491587,0.05791783434681905
90.0,18.0,rotor stall,-3.8296491619864743,24.849047584784476,5.821513766532479,-2.3162538142234104e-15,2.322846822606602,2.8079999867323004e-14,-6.336061973914782e-14,834.4630225078037,762.2980100318007,70.0,0.0,0.6566890129439878,0.030608879858702857
90.0,20.0,rotor stall,-3.8296491619864743,24.849047584784476,5.821513766532479,-2.3162538142234104e-15,2.322846822606602,2.8079999867323004e-14,-6.336061973914782e-14,833.9308868524383,762.2980100318007,70.0,0.0,0.6625997114388169,0.00027304130634312666
90.0,22.0,rotor stall,-3.6968366619864743,24.705384091332405,6.054037575749991,-1.022291067159873e-14,1.6853468226066022,-5.724537987665115e-15,-1.3118582373524037e-13,825.1598651918323,762.2980100318007,70.0,0.0,0.668510409933646,0.034828419292889885
90.0,24.0,rotor stall,-3.5640241619864748,24.56172059788034,6.286561384967502,-1.812956752897405e-14,1.0478468226066022,-3.9529075842653235e-14,-1.9901102773133293e-13,816.8425446769893,762.2980100318007,70.0,0.0,0.674421108428475,0.06401954296869711
90.0,26.0,rotor stall,-3.4312116619864743,24.41805710442827,6.519085194185013,-2.603622438634937e-14,0.41034682260660216,-7.333361369764136e-14,-2.6683623172742553e-13,808.977923549425,762.2980100318007,70.0,0.0,0.6803318069233041,0.08643638362984857
90.0,28.0,rotor stall,-3.2983991619864743,24.274393610976205,6.751609003402525,-3.394288124372469e-14,-0.22715317739339785,-1.0713815155262947e-13,-3.3466143572351804e-13,801.5576297282006,762.2980100318007,70.0,0.0,0.6862425054181331,0.10091269446036992
90.0,30.0,rotor stall,-3.1655866619864743,24.130730117524134,6.984132812620036,-4.184953810110001e-14,-0.8646531773933979,-1.409426894076176e-13,-4.0248663971961065e-13,794.5675275400423,762.2980100318007,70.0,0.0,0.6921532039129622,0.10691851488390687
90.0,32.0,rotor stall,-2.7983991619864743,23.774393610976205,6.6177384084283535,-3.343740639641482e-14,-0.49542541259545714,-1.1159893252234676e-13,-2.1985426041102234e-13,753.9742922447643,762.2980100318007,60.0,0.0,0.6980639024077913,0.19066293904535486
90.0,34.0,rotor stall,-2.4312116619864743,23.41805710442827,6.251344004236671,-2.5025274691729627e-14,-0.12619764779751635,-8.225517563707592e-14,-3.722188110243408e-14,714.1834533912007,762.2980100318007,60.0,0.0,0.7039746009026204,0.2658663999736549
90.0,36.0,rotor stall,-2.0640241619864743,23.06172059788034,5.884949600044989,-1.661314298704443e-14,0.24303011700042437,-5.291141875180509e-14,1.454104982061542e-13,675.2492274783026,762.2980100318007,50.0,0.0,0.7098852993974495,0.3253489401850491
90.0,38.0,reverse flow,-1.6968366619864743,22.705384091332405,5.518555195853306,-8.201011282359239e-15,0.612257881798365,-2.3567661866534247e-14,3.280428775147425e-13,638.1278213362489,762.2980100318007,50.0,1.25,0.7157959978922785,0.36840991417218194
90.0,40.0,reverse flow,-1.3296491619864743,22.349047584784476,5.152160791661624,2.111204223259537e-16,0.9814856465963058,5.77609501873659e-15,5.106752568233308e-13,601.2370777767908,762.2980100318007,40.0,1.25,0.7217066963871076,0.39420622895902924
90.0,42.0,reverse flow,-1.3296491619864743,22.349047584784476,5.152160791661624,2.111204223259537e-16,0.9814856465963058,5.77609501873659e-15,5.106752568233308e-13,601.1345764048228,762.2980100318007,40.0,1.25,0.7276173948819367,0.3965159070323474
90.0,44.0,reverse flow,-1.3296491619864743,22.349047584784476,5.152160791661624,2.111204223259537e-16,0.9814856465963058,5.77609501873659e-15,5.106752568233308e-13,601.1134567752456,762.2980100318007,40.0,1.25,0.7335280933767657,0.3961224224191177
