nacelle_deg,V_ms,status,numerical_trim,physical_feasible,max_scaled_residual,pitch_deg,collective_deg,theta_1c_lateral_deg,theta_1s_longitudinal_deg,elevator_deg,rudder_deg,aileron_deg,FX,FY,FZ,MX,MY,MZ,P_required_kW,P_available_kW,stall_span_pct,M_adv
90.0,20.0,rotor stall,True,False,0.00027304130634312666,-3.8296491619864743,24.849047584784476,5.821513766532479,-2.3162538142234104e-15,2.322846822606602,2.8079999867323004e-14,-6.336061973914782e-14,-4.0956195951469,-7.291613286844351e-14,0.4223520712912432,-3.183991756831311e-13,0.05047027556429384,-5.796774804302104e-12,833.9308868524383,762.2980100318007,70.0,0.6625997114388169
90.0,30.0,no trim before rotor-stall constraint,False,False,0.10691851488390687,-3.1655866619864743,24.130730117524134,6.984132812620036,-4.184953810110001e-14,-0.8646531773933979,-1.409426894076176e-13,-4.0248663971961065e-13,-1603.7777232586031,-1.2896165555753281e-12,1594.217979682784,5.6673345967478595e-11,1003.7482349307502,-5.255107091570561e-11,794.5675275400423,762.2980100318007,70.0,0.6921532039129622
90.0,40.0,no trim before rotor-stall constraint,False,False,0.39420622895902924,-1.3296491619864743,22.349047584784476,5.152160791661624,2.111204223259537e-16,0.9814856465963058,5.77609501873659e-15,5.106752568233308e-13,-3579.347105916332,1.3401687419119279e-14,-872.8509360192365,4.794082923175673e-10,3942.0622895902925,1.5393946482362387e-12,601.2370777767908,762.2980100318007,40.0,0.7217066963871076
45.0,20.0,feasible,True,True,0.00015822172756676687,10.250479788607862,25.41619019809358,4.981567978423249,-6.360316910263021e-16,-0.08805891852344445,-1.102961720231496e-14,-1.3199183540609517e-14,-2.3733259135015032,-1.7435662321519394e-13,0.6380637623733492,-3.0977602481428164e-12,-0.1334649376995003,1.3347352808587144e-13,513.1492605934827,762.2980100318007,10.0,0.5648219794975502
45.0,30.0,feasible,True,True,0.001780656890639087,4.713192654851698,24.797974767558816,4.269507777552302,-7.864177833837406e-17,0.23872191942000992,-4.854423224213743e-15,1.0858617986631028e-15,-26.709853359586305,-2.8745398677118283e-13,3.2525793887034524,4.211378963638077e-12,-1.4967465286517836,1.9511660884673484e-12,385.4961419851645,762.2980100318007,20.0,0.5857194544337639
45.0,40.0,rotor stall,True,False,0.0003999949089857182,1.9853449580932394,26.30990539954318,4.042147057819963,1.967472141884729e-15,0.05216337621225098,1.3187970583302657e-14,5.296800312909665e-16,-5.999923634785773,1.764814724593233e-13,-3.893852728258935,-6.778708147163005e-12,-3.243970703083505,-4.27634908948978e-12,362.3313957422195,762.2980100318007,30.0,0.6066169293699778
0.0,20.0,no trim before rotor-stall constraint,False,False,0.7341520094654868,11.9999999,32.040602171568906,5.554463183751625,-1.4439793066210874e-14,-7.14846340996143,-5.511838888691052e-14,2.0180182700477583e-15,11012.2801419823,-3.031855747286141e-13,9543.463415000784,2.2301488256545136e-11,-3108.256023321832,4.432275394950351e-11,989.1350382463183,762.2980100318007,80.0,0.5230270296251226
0.0,30.0,feasible,True,True,0.00044405664356427226,7.793842746263346,29.76912841973243,3.1930149193813393,9.121344652519504e-16,0.06971558245366483,3.673834908100149e-15,-1.0846496280717828e-16,-6.6608496534640835,4.546887134710026e-14,2.4103700389714504,-5.727600577716586e-14,-0.015658107429771917,-1.0003151696362058e-13,606.2258356393073,762.2980100318007,10.0,0.5230270296251226
0.0,40.0,feasible,True,True,3.488842155452403e-05,3.5855445299841953,31.434224817413966,2.8311218095168647,-1.143834230508289e-15,0.23350664896518925,2.5694626304283886e-15,-1.202729060724877e-16,0.5233263233178604,5.653459907534632e-14,0.005861790803464828,-1.1290899204899221e-13,-0.0005749038964495412,-1.243761179657619e-13,496.8112711066904,762.2980100318007,10.0,0.5230270296251226
