segment,time_s,altitude_m,airspeed_ms,ground_speed_ms,nacelle_angle_deg,rpm,pitch_deg,collective_deg,theta_1c_lateral_deg,theta_1s_longitudinal_deg,elevator_deg,rudder_deg,FX_N,FY_N,FZ_N,MX_Nm,MY_Nm,MZ_Nm,P_required_kW,P_available_kW,fuel_before_kg,fuel_burn_kg,fuel_remaining_kg,gross_weight_kg,stall_margin_pct,tip_mach_margin,reverse_flow_pct,trim_residual,feasible,active_constraint
airplane_mode_hold,0.0,500.0,35.0,35.0,0.0,650.0,7.0,28.0,0.0,0.0,0.0,0.0,-9090.095481438515,0.0,-7380.066928485856,0.0,11102.847890110581,0.0,307.32945855132675,762.2980100318007,500.0,0.025610788212610563,499.9743892117874,3000.0,16.666666666666668,0.19697297037487738,0.0,0.555142394505529,True,
airplane_mode_hold,1.0,500.0,35.0,35.0,0.0,650.0,7.0,28.0,0.0,0.0,0.0,0.0,-9090.064873217289,0.0,-7380.316212443075,0.0,11102.847890110581,0.0,307.32945855132675,762.2980100318007,499.9743892117874,0.025610788212610563,499.9487784235748,2999.974389211787,16.666666666666668,0.19697297037487738,0.0,0.555142394505529,True,
airplane_mode_hold,2.0,500.0,35.0,35.0,0.0,650.0,7.0,28.0,0.0,0.0,0.0,0.0,-9090.03426499606,0.0,-7380.565496400293,0.0,11102.847890110581,0.0,307.32945855132675,762.2980100318007,499.9487784235748,0.025610788212610563,499.92316763536223,2999.9487784235744,16.666666666666668,0.19697297037487738,0.0,0.555142394505529,True,
airplane_mode_hold,3.0,500.0,35.0,35.0,0.0,650.0,7.0,28.0,0.0,0.0,0.0,0.0,-9090.003656774834,0.0,-7380.814780357512,0.0,11102.847890110581,0.0,307.32945855132675,762.2980100318007,499.92316763536223,0.025610788212610563,499.89755684714964,2999.9231676353616,16.666666666666668,0.19697297037487738,0.0,0.555142394505529,True,
airplane_mode_hold,4.0,500.0,35.0,35.0,0.0,650.0,7.0,28.0,0.0,0.0,0.0,0.0,-9089.973048553606,0.0,-7381.064064314731,0.0,11102.847890110581,0.0,307.32945855132675,762.2980100318007,499.89755684714964,0.025610788212610563,499.87194605893706,2999.8975568471487,16.666666666666668,0.19697297037487738,0.0,0.555142394505529,True,
airplane_mode_hold,5.0,500.0,35.0,35.0,0.0,650.0,7.0,28.0,0.0,0.0,0.0,0.0,-9089.94244033238,0.0,-7381.3133482719495,0.0,11102.847890110581,0.0,307.32945855132675,762.2980100318007,499.87194605893706,0.0,499.87194605893706,2999.871946058936,16.666666666666668,0.19697297037487738,0.0,0.555142394505529,True,
airplane_to_hover_01,5.0,500.0,35.0,35.0,0.0,650.0,7.0,28.0,0.0,0.0,0.0,0.0,-9089.94244033238,0.0,-7381.3133482719495,0.0,11102.847890110581,0.0,307.32945855132675,762.2980100318007,499.87194605893706,0.025610788212610563,499.84633527072447,2999.871946058936,16.666666666666668,0.19697297037487738,0.0,0.555142394505529,True,
airplane_to_hover_01,6.0,500.0,34.25,34.25,2.5,650.0,7.0,28.5,0.0,0.0,0.0,0.0,-6917.67203582754,-1.5987211554602254e-14,-6310.896704998999,0.0,10960.116132295574,0.0,376.0892413831988,762.2980100318007,499.84633527072447,0.031340770115266564,499.8149945006092,2999.846335270723,16.666666666666668,0.19255778494079545,0.0,0.5480058066147787,True,
airplane_to_hover_01,7.0,500.0,33.5,33.5,5.0,650.0,7.0,29.0,0.0,0.0,0.0,0.0,-4732.73753654605,-5.684341886080802e-14,-5423.887819869593,0.0,10911.747624870486,0.0,446.2152011868216,762.2980100318007,499.8149945006092,0.037184600098901795,499.7778099005103,2999.814994500608,16.666666666666668,0.18834418580718293,0.0,0.5455873812435243,True,
airplane_to_hover_01,8.0,500.0,32.75,32.75,7.5,650.0,7.0,29.5,0.0,0.0,0.0,0.0,-2551.7140509636747,8.526512829121202e-14,-4723.805501096234,0.0,10956.32102416086,0.0,517.3094519545326,762.2980100318007,499.7778099005103,0.04310912099621105,499.73470077951407,2999.777809900509,16.666666666666668,0.184339642025665,0.0,0.547816051208043,True,
airplane_to_hover_01,9.0,500.0,32.0,32.0,10.0,650.0,7.0,30.0,0.0,0.0,0.0,0.0,-391.4234127072077,-1.2079226507921703e-13,-4212.498394697788,0.0,11092.042579912277,0.0,588.9968745573856,762.2980100318007,499.73470077951407,0.0,499.73470077951407,2999.734700779513,16.666666666666668,0.18055085801702564,0.0,0.5546021289956138,True,
airplane_to_hover_02,9.0,500.0,32.0,32.0,10.0,650.0,7.0,30.0,0.0,0.0,0.0,0.0,-391.4234127072077,-1.2079226507921703e-13,-4212.498394697788,0.0,11092.042579912277,0.0,588.9968745573856,762.2980100318007,499.73470077951407,0.049083072879782134,499.6856177066343,2999.734700779513,16.666666666666668,0.18055085801702564,0.0,0.5546021289956138,True,
airplane_to_hover_02,10.0,500.0,31.0,31.0,12.5,650.0,7.0,29.5,0.0,0.0,0.0,0.0,80.96951846046204,-8.526512829121202e-14,-2976.668886941814,0.0,10933.253853017652,0.0,570.4111977921222,762.2980100318007,499.6856177066343,0.04753426648267684,499.6380834401516,2999.685617706633,16.666666666666668,0.17714367621983473,0.0,0.5466626926508826,True,
airplane_to_hover_02,11.0,500.0,30.0,30.0,15.0,650.0,7.0,29.0,0.0,0.0,0.0,0.0,539.1515133583416,3.552713678800501e-14,-1784.5134644975951,1.8189894035458565e-12,10784.276607188614,-3.637978807091713e-12,552.8058500763144,762.2980100318007,499.6380834401516,0.0460671541730262,499.59201628597856,2999.6380834401502,16.666666666666668,0.17402595027006884,0.0,0.5392138303594307,True,
airplane_to_hover_02,12.0,500.0,29.0,29.0,17.5,650.0,7.0,28.5,0.0,0.0,0.0,0.0,975.9422425334797,-2.842170943040401e-14,-638.3898046661343,0.0,10647.503341374868,0.0,535.8875659093273,762.2980100318007,499.59201628597856,0.04465729715911061,499.54735898881944,2999.592016285977,16.666666666666668,0.1712009412853912,0.0,0.5323751670687434,True,
airplane_to_hover_02,13.0,500.0,28.0,28.0,20.0,650.0,7.0,28.0,0.0,0.0,0.0,0.0,1384.2518109975808,7.105427357601002e-15,460.6168197502411,3.637978807091713e-12,10524.49490799819,3.637978807091713e-12,519.3955519725644,762.2980100318007,499.54735898881944,0.0,499.54735898881944,2999.547358988818,16.666666666666668,0.16867087912588985,0.0,0.5262247453999095,True,
airplane_to_hover_03,13.0,500.0,28.0,28.0,20.0,650.0,7.0,28.0,0.0,0.0,0.0,0.0,1384.2518109975808,7.105427357601002e-15,460.6168197502411,3.637978807091713e-12,10524.49490799819,3.637978807091713e-12,519.3955519725644,762.2980100318007,499.54735898881944,0.043282962664380364,499.5040760261551,2999.547358988818,16.666666666666668,0.16867087912588985,0.0,0.5262247453999095,True,
airplane_to_hover_03,14.0,500.0,27.25,27.25,22.5,650.0,7.0,28.0,0.0,0.0,0.0,0.0,2365.1758766067737,-2.0605739337042905e-13,760.5265038687648,0.0,10724.961551421184,0.0,539.9960325264816,762.2980100318007,499.5040760261551,0.0449996693772068,499.45907635677787,2999.5040760261536,16.666666666666668,0.16615422334278696,0.0,0.5362480775710592,True,
airplane_to_hover_03,15.0,500.0,26.5,26.5,25.0,650.0,7.0,28.0,0.0,0.0,0.0,0.0,3282.1614077863014,0.0,972.6645301827848,0.0,10966.294441544604,0.0,559.4359356890974,762.2980100318007,499.45907635677787,0.04661966130742478,499.41245669547044,2999.459076356776,16.666666666666668,0.1638748794877335,0.0,0.5483147220772302,True,
airplane_to_hover_03,16.0,500.0,25.75,25.75,27.5,650.0,7.0,28.0,0.0,0.0,0.0,0.0,4126.650275654758,-1.4210854715202004e-14,1101.9046412068565,0.0,11245.984119880442,0.0,577.5948197220847,762.2980100318007,499.41245669547044,0.04813290164350706,499.36432379382694,2999.412456695469,16.666666666666668,0.16183378864694165,0.0,0.5622992059940222,True,
airplane_to_hover_03,17.0,500.0,25.0,25.0,30.0,650.0,7.0,28.0,0.0,0.0,0.0,0.0,4890.885044507794,-1.1368683772161603e-13,1154.0063407573434,0.0,11560.933462024579,0.0,594.3833693293313,762.2980100318007,499.36432379382694,0.0,499.36432379382694,2999.3643237938254,16.666666666666668,0.16003110478219562,0.0,0.5780466731012289,True,
airplane_to_hover_04,17.0,500.0,25.0,25.0,30.0,650.0,7.0,28.0,0.0,0.0,0.0,0.0,4890.885044507794,-1.1368683772161603e-13,1154.0063407573434,0.0,11560.933462024579,0.0,594.3833693293313,762.2980100318007,499.36432379382694,0.04953194744411094,499.31479184638283,2999.3643237938254,16.666666666666668,0.16003110478219562,0.0,0.5780466731012289,True,
airplane_to_hover_04,18.0,500.0,23.75,23.75,33.75,650.0,7.0,28.0,0.0,0.0,0.0,0.0,5989.26871744159,-5.684341886080802e-14,1247.1668009910027,7.275957614183426e-12,12056.568463972195,7.275957614183426e-12,618.0930985290527,762.2980100318007,499.31479184638283,0.05150775821075439,499.2632840881721,2999.3147918463815,16.666666666666668,0.1579777487114178,0.0,0.6028284231986097,True,
airplane_to_hover_04,19.0,500.0,22.5,22.5,37.5,650.0,7.0,28.0,0.0,0.0,0.0,0.0,6853.259729692633,-1.8474111129762605e-13,1188.4659610735034,-7.275957614183426e-12,12611.96629687743,-3.637978807091713e-12,638.0599672218731,762.2980100318007,499.2632840881721,0.053171663935156085,499.21011242423697,2999.2632840881706,16.666666666666668,0.15649316117566914,0.0,0.6305983148438715,True,
airplane_to_hover_04,20.0,500.0,21.25,21.25,41.25,650.0,7.0,28.0,0.0,0.0,0.0,0.0,7469.907654505014,-1.8474111129762605e-13,1006.7846326766776,7.275957614183426e-12,13208.018744033323,3.637978807091713e-12,654.4239769595765,762.2980100318007,499.21011242423697,0.05453533141329804,499.15557709282365,2999.2101124242354,16.666666666666668,0.1555652807579867,0.0,0.6604009372016661,True,
airplane_to_hover_04,21.0,500.0,20.0,20.0,45.0,650.0,7.0,28.0,0.0,0.0,0.0,0.0,7832.307797037225,-1.7053025658242404e-13,731.7539013040732,0.0,13823.7193713894,0.0,667.4464846508871,762.2980100318007,499.15557709282365,0.0,499.15557709282365,2999.155577092822,16.666666666666668,0.15517802050244978,0.0,0.69118596856947,True,
airplane_to_hover_05,21.0,500.0,20.0,20.0,45.0,650.0,7.0,28.0,0.0,0.0,0.0,0.0,7832.307797037225,-1.7053025658242404e-13,731.7539013040732,0.0,13823.7193713894,0.0,667.4464846508871,762.2980100318007,499.15557709282365,0.05562054038757392,499.0999565524361,2999.155577092822,16.666666666666668,0.15517802050244978,0.0,0.69118596856947,True,
airplane_to_hover_05,22.0,500.0,19.5,19.5,46.25,650.0,7.25,27.75,0.0,0.0,0.0,0.0,7324.904717170254,2.842170943040401e-14,741.0165408643152,0.0,13933.690716548044,3.637978807091713e-12,652.4452216299908,762.2980100318007,499.0999565524361,0.05437043513583257,499.0455861173003,2999.0999565524344,16.666666666666668,0.15534363343804014,0.0,0.6966845358274022,True,
airplane_to_hover_05,23.0,500.0,19.0,19.0,47.5,650.0,7.5,27.5,0.0,0.0,0.0,0.0,6815.106002958406,-1.2789769243681803e-13,784.8610505900833,0.0,14028.22404094347,0.0,637.4657501898126,762.2980100318007,499.0455861173003,0.05312214584915106,498.9924639714511,2999.0455861172986,16.666666666666668,0.1555736419478031,0.0,0.7014112020471736,True,
airplane_to_hover_05,24.0,500.0,18.5,18.5,48.75,650.0,7.75,27.25,0.0,0.0,0.0,0.0,6303.497354528143,5.684341886080802e-14,862.4465849205772,0.0,14107.090503398354,0.0,622.520054312985,762.2980100318007,498.9924639714511,0.05187667119274875,498.94058730025836,2998.9924639714495,16.666666666666668,0.1558669100045056,0.0,0.7053545251699177,True,
airplane_to_hover_05,25.0,500.0,18.0,18.0,50.0,650.0,8.0,27.0,0.0,0.0,0.0,0.0,5790.6792026590065,-1.1368683772161603e-13,972.904567534144,0.0,14170.051336862667,3.637978807091713e-12,607.6206846248864,762.2980100318007,498.94058730025836,0.0,498.94058730025836,2998.940587300257,16.666666666666668,0.15622225074263763,0.0,0.7085025668431334,True,
airplane_to_hover_06,25.0,500.0,18.0,18.0,50.0,650.0,8.0,27.0,0.0,0.0,0.0,0.0,5790.6792026590065,-1.1368683772161603e-13,972.904567534144,0.0,14170.051336862667,3.637978807091713e-12,607.6206846248864,762.2980100318007,498.94058730025836,0.05063505705207386,498.88995224320627,2998.940587300257,16.666666666666668,0.15622225074263763,0.0,0.7085025668431334,True,
airplane_to_hover_06,26.0,500.0,17.25,17.25,52.5,675.0,8.0,26.25,0.0,0.0,0.0,0.0,6016.820071366797,2.842170943040401e-14,430.7503672611383,0.0,14879.321678984632,0.0,629.4439038587235,762.2980100318007,498.88995224320627,0.052453658654893626,498.8374985845514,2998.889952243205,25.0,0.13641157175745589,0.0,0.7439660839492316,True,
airplane_to_hover_06,27.0,500.0,16.5,16.5,55.0,700.0,8.0,25.5,0.0,0.0,0.0,0.0,6057.027639484225,-5.684341886080802e-14,-62.95271672121453,7.275957614183426e-12,15559.103862583368,1.0913936421275139e-11,646.6686740189193,762.2980100318007,498.8374985845514,0.05388905616824328,498.7836095283831,2998.83749858455,25.0,0.1167955957116511,0.0,0.7779551931291684,True,
airplane_to_hover_06,28.0,500.0,15.75,15.75,57.5,725.0,8.0,24.75,0.0,0.0,0.0,0.0,5916.338949402728,1.4210854715202004e-14,-482.4148487235652,0.0,16192.27545971913,0.0,659.0842655450881,762.2980100318007,498.7836095283831,0.05492368879542401,498.7286858395877,2998.7836095283815,25.0,0.0973665663999459,0.0,0.8096137729859565,True,
airplane_to_hover_06,29.0,500.0,15.0,15.0,60.0,750.0,8.0,24.0,0.0,0.0,0.0,0.0,5603.081084922407,-1.2789769243681803e-13,-802.2791715444728,0.0,16761.61320107892,5.4569682106375694e-12,666.5384324472966,762.2980100318007,498.7286858395877,0.0,498.7286858395877,2998.728685839586,25.0,0.0781161606297307,0.0,0.838080660053946,True,
airplane_to_hover_07,29.0,500.0,15.0,15.0,60.0,750.0,8.0,24.0,0.0,0.0,0.0,0.0,5603.081084922407,-1.2789769243681803e-13,-802.2791715444728,0.0,16761.61320107892,5.4569682106375694e-12,666.5384324472966,762.2980100318007,498.7286858395877,0.055544869370608055,498.67314097021705,2998.728685839586,25.0,0.0781161606297307,0.0,0.838080660053946,True,
airplane_to_hover_07,30.0,500.0,13.75,13.75,63.75,750.0,6.0,24.15,0.0,0.0,0.0,0.0,6794.150458778055,1.4210854715202004e-14,-85.59379382149928,0.0,16922.31839027811,0.0,684.9321983670197,762.2980100318007,498.67314097021705,0.05707768319725164,498.6160632870198,2998.673140970215,25.0,0.08006190601088925,0.0,0.8461159195139054,True,
airplane_to_hover_07,31.0,500.0,12.5,12.5,67.5,750.0,4.0,24.3,0.0,0.0,0.0,0.0,7354.2533511448755,-7.105427357601002e-14,228.74083696230082,0.0,17090.98549991607,1.8189894035458565e-12,702.3682863926692,762.2980100318007,498.6160632870198,0.05853069053272243,498.5575325964871,2998.616063287018,25.0,0.08237743999561231,0.0,0.8545492749958036,True,
airplane_to_hover_07,32.0,500.0,11.25,11.25,71.25,750.0,2.0,24.450000000000003,0.0,0.0,0.0,0.0,7411.731409241363,1.4210854715202004e-14,192.60908519284567,7.275957614183426e-12,17222.94001843266,-9.094947017729282e-13,719.2976030109394,762.2980100318007,498.5575325964871,0.05994146691757828,498.4975911295695,2998.557532596485,25.0,0.08502404449695178,0.0,0.861147000921633,True,
airplane_to_hover_07,33.0,500.0,10.0,10.0,75.0,750.0,0.0,24.6,0.0,0.0,0.0,0.0,7081.998235880047,1.6342482922482304e-13,-133.57048004441094,0.0,17276.469252490424,0.0,736.0894937643628,762.2980100318007,498.4975911295695,0.0,498.4975911295695,2998.4975911295674,25.0,0.08796079187165717,0.0,0.8638234626245211,True,
airplane_to_hover_08,33.0,500.0,10.0,10.0,75.0,750.0,0.0,24.6,0.0,0.0,0.0,0.0,7081.998235880047,1.6342482922482304e-13,-133.57048004441094,0.0,17276.469252490424,0.0,736.0894937643628,762.2980100318007,498.4975911295695,0.061340791147030234,498.4362503384225,2998.4975911295674,25.0,0.08796079187165717,0.0,0.8638234626245211,True,
airplane_to_hover_08,34.0,500.0,9.5,9.5,78.75,750.0,0.0,24.450000000000003,0.0,0.0,0.0,0.0,5223.413355663045,-2.842170943040401e-14,-508.01001834095587,7.275957614183426e-12,17452.18320106802,0.0,723.6026144810529,762.2980100318007,498.4362503384225,0.060300217873421075,498.3759501205491,2998.4362503384205,25.0,0.08897092462648182,0.0,0.872609160053401,True,
airplane_to_hover_08,35.0,500.0,9.0,9.0,82.5,750.0,0.0,24.3,0.0,0.0,0.0,0.0,3334.340889242665,2.1316282072803006e-14,-724.4888699976145,-7.275957614183426e-12,17518.05856626893,-9.094947017729282e-13,711.2738542705769,762.2980100318007,498.3759501205491,0.05927282118921474,498.31667729935987,2998.375950120547,25.0,0.09013668108524697,0.0,0.8759029283134465,True,
airplane_to_hover_08,36.0,500.0,8.5,8.5,86.25,750.0,0.0,24.15,0.0,0.0,0.0,0.0,1430.0435141160224,7.105427357601002e-15,-781.1416217057522,-7.275957614183426e-12,17470.79640237266,0.0,699.1575355960986,762.2980100318007,498.31667729935987,0.058263127966341546,498.25841417139355,2998.3166772993577,25.0,0.09144058975801161,0.0,0.873539820118633,True,
airplane_to_hover_08,37.0,500.0,8.0,8.0,90.0,750.0,0.0,24.0,0.0,0.0,0.0,0.0,-474.1026068365362,-2.842170943040401e-14,-677.8031796460382,0.0,17308.49110555693,-1.8189894035458565e-12,687.2920513893375,762.2980100318007,498.25841417139355,0.0,498.25841417139355,2998.2584141713915,25.0,0.09286447953015753,0.0,0.8654245552778465,True,
hover_descent,37.0,500.0,8.0,8.0,90.0,750.0,0.0,24.0,0.0,0.0,0.0,0.0,-2206.594867927773,-2.842170943040401e-14,-3601.0456738384455,0.0,18285.351546282942,-1.8189894035458565e-12,687.2920513893375,762.2980100318007,498.25841417139355,0.05727433761577813,498.2011398337778,2998.2584141713915,25.0,0.09286447953015753,0.0,0.9142675773141471,True,
hover_descent,38.0,450.0,7.7,7.7,90.0,750.0,0.0,24.0,0.0,0.0,0.0,0.0,-2184.677138033303,7.460698725481052e-14,-3591.9585392032423,0.0,18136.579759028507,0.0,691.5465695839856,766.0057691586229,498.2011398337778,0.05762888079866547,498.1435109529791,2998.201139833776,25.0,0.09410797607236054,0.0,0.9068289879514254,True,
hover_descent,39.0,400.0,7.4,7.4,90.0,750.0,0.0,24.0,0.0,0.0,0.0,0.0,-2162.8260844572847,9.237055564881302e-14,-3582.4493304687676,-7.275957614183426e-12,17982.41882828097,0.0,695.8157667861027,769.7273093078207,498.1435109529791,0.057984647232175224,498.08552630574695,2998.143510952977,25.0,0.09534985347607283,0.0,0.8991209414140485,True,
hover_descent,40.0,350.0,7.1,7.1,90.0,750.0,0.0,24.0,0.0,0.0,0.0,0.0,-2141.045145286393,-8.171241461241152e-14,-3572.398301829926,-7.275957614183426e-12,17822.69159152303,0.0,700.0984978940616,773.4626659283718,498.08552630574695,0.058341541491171794,498.02718476425576,2998.0855263057447,25.0,0.09659011605764056,0.0,0.8911345795761516,True,
hover_descent,41.0,300.0,6.8,6.8,90.0,750.0,0.0,24.0,0.0,0.0,0.0,0.0,-2119.33776761928,-2.4868995751603507e-14,-3561.658600533334,0.0,17657.214322250726,0.0,704.3935109062958,777.211874519959,498.02718476425576,0.05869945924219131,497.9684853050136,2998.0271847642534,25.0,0.09782876811673857,0.0,0.8828607161125362,True,
hover_descent,42.0,250.0,6.5,6.5,90.0,750.0,0.0,24.0,0.0,0.0,0.0,0.0,-2097.7073669277656,-6.394884621840902e-14,-3550.048817804429,7.275957614183426e-12,17485.796674431695,0.0,708.6994382069888,780.9749706329877,497.9684853050136,0.05905828651724907,497.90942701849633,2997.968485305011,25.0,0.09906581393645408,0.0,0.8742898337215848,True,
hover_descent,43.0,200.0,6.2,6.2,90.0,750.0,0.0,24.0,0.0,0.0,0.0,0.0,-2076.1572515192333,8.171241461241152e-14,-3537.342894068839,-1.4551915228366852e-11,17308.241732390292,1.8189894035458565e-12,713.0147870955107,784.751989868598,497.90942701849633,0.059417898924625887,497.8500091195717,2997.909427018494,25.0,0.10030125778336929,0.0,0.8654120866195146,True,
hover_descent,44.0,150.0,5.9,5.9,90.0,750.0,0.0,24.0,0.0,0.0,0.0,0.0,-2054.690483951593,0.0,-3523.256187676823,7.275957614183426e-12,17124.34622543516,0.0,717.3379294873536,788.5429678786834,497.8500091195717,0.059778160790612794,497.79023095878114,2997.8500091195697,25.0,0.10153510390764497,0.0,0.856217311271758,True,
hover_descent,45.0,100.0,5.6,5.6,90.0,750.0,0.0,24.0,0.0,0.0,0.0,0.0,-2033.3096269894477,-1.0658141036401503e-14,-3507.425848252744,0.0,16933.901001824794,1.8189894035458565e-12,721.6670907066563,792.3479403659003,497.79023095878114,0.06013892422555468,497.7300920345556,2997.790230958779,25.0,0.1027673565431021,0.0,0.8466950500912397,True,
hover_descent,46.0,50.0,5.300000000000001,5.300000000000001,90.0,750.0,0.0,24.0,0.0,0.0,0.0,0.0,-2012.0162740156863,-2.1316282072803006e-14,-3489.382505525755,0.0,16736.69191716334,0.0,726.0003372818904,796.1669430836843,497.7300920345556,0.0605000281068242,497.66959200644874,2997.7300920345533,25.0,0.10399801990730351,0.0,0.8368345958581671,True,
hover_descent,47.0,0.0,5.0,5.0,90.0,750.0,0.0,24.0,0.0,0.0,0.0,0.0,-1990.8101668322122,-4.618527782440651e-14,-3468.5083002520405,-7.275957614183426e-12,16532.50139999867,-1.8189894035458565e-12,730.3355636467197,800.0000118362696,497.66959200644874,0.0,497.66959200644874,2997.6695920064467,25.0,0.10522709820163567,0.0,0.8266250699999335,True,
