theta_1c_deg,T,Q,hub_pitch_moment,hub_roll_moment,reverse_flow_fraction,stall_fraction
-8.0,4218.110415587868,405.76872968966575,-18525.739682836152,2742.283178384152,0.0012152777777777778,0.1657986111111111
-7.0,4222.649258951005,413.031979435788,-16725.425161210806,2744.504891847673,0.0012152777777777778,0.11944444444444445
-6.0,4226.962938471732,427.1928446357864,-14925.293926030605,2746.704768739797,0.0012152777777777778,0.06753472222222222
-5.0,4231.051454150049,448.25132528966094,-13125.345977295548,2748.882809060524,0.0012152777777777778,0.023958333333333335
-4.0,4234.914805985954,476.20742139741174,-11325.581315005644,2751.039012809854,0.0012152777777777778,0.022916666666666665
-3.0,4238.552993979451,511.0611329590386,-9525.999939160887,2753.1733799877875,0.0012152777777777778,0.022743055555555555
-2.0,4241.966018130535,552.8124599745418,-7726.601849761274,2755.2859105943244,0.0012152777777777778,0.022569444444444444
-1.0,4245.153878439211,601.4614024439212,-5927.387046806809,2757.3766046294636,0.0012152777777777778,0.021701388888888888
0.0,4248.116574905476,657.0079603671766,-4128.355530297496,2759.4454620932074,0.0012152777777777778,0.021527777777777778
1.0,4250.854107529331,719.4521337443083,-2329.507300233328,2761.492482985554,0.0012152777777777778,0.021354166666666667
2.0,4253.366476310775,788.7939225753162,-530.8423566143085,2763.517667306504,0.0012152777777777778,0.021006944444444446
3.0,4255.65368124981,865.0333268602002,1267.639300559564,2765.521015056056,0.0012152777777777778,0.021180555555555557
4.0,4257.715722346434,948.1703465989605,3065.937671288287,2767.502526234212,0.0012152777777777778,0.021701388888888888
5.0,4259.552599600647,1038.2049817915968,4864.052755571863,2769.462200840972,0.0012152777777777778,0.021527777777777778
6.0,4261.16431301245,1135.1372324381095,6661.984553410294,2771.4000388763343,0.0012152777777777778,0.021527777777777778
7.0,4262.550862581844,1238.9670985384982,8459.733064803571,2773.3160403403003,0.0012152777777777778,0.022222222222222223
8.0,4263.712248308826,1349.694580092763,10257.298289751707,2775.210205232869,0.0012152777777777778,0.027430555555555555
