theta_1s_deg,T,Q,hub_pitch_moment,hub_roll_moment,reverse_flow_fraction,stall_fraction
-8.0,826.3297916164497,614.9694656796651,-4146.9594535000415,-12345.80631732973,0.0012152777777777778,0.01423611111111111
-7.0,1254.8405786182711,595.5702745206786,-4144.399855780234,-10457.428373839708,0.0012152777777777778,0.014930555555555556
-6.0,1683.1263830227517,583.2150842173853,-4141.907145865995,-8569.113707796014,0.0012152777777777778,0.014930555555555556
-5.0,2111.187204829892,577.9038947697848,-4139.4813237573235,-6680.862319198649,0.0012152777777777778,0.016319444444444445
-4.0,2539.02304403969,579.6367061778772,-4137.122389454221,-4792.674208047618,0.0012152777777777778,0.017013888888888887
-3.0,2966.6339006521484,588.4135184416626,-4134.830342956688,-2904.5493743429156,0.0012152777777777778,0.018229166666666668
-2.0,3394.0197746672648,604.2343315611411,-4132.605184264722,-1016.4878180845436,0.0012152777777777778,0.019618055555555555
-1.0,3821.1806660850407,627.0991455363123,-4130.446913378323,871.5104607274974,0.0012152777777777778,0.02065972222222222
0.0,4248.116574905476,657.0079603671766,-4128.355530297496,2759.4454620932074,0.0012152777777777778,0.021527777777777778
1.0,4674.8275011285705,693.9607760537338,-4126.3310350222355,4647.317186012588,0.0012152777777777778,0.022743055555555555
2.0,5101.313444754324,737.9575925959839,-4124.373427552542,6535.125632485634,0.0012152777777777778,0.024652777777777777
3.0,5527.574405782737,788.998409993927,-4122.482707888419,8422.870801512356,0.0012152777777777778,0.02638888888888889
4.0,5953.610384213809,847.083228247563,-4120.658876029864,10310.552693092743,0.0012152777777777778,0.03350694444444444
5.0,6379.421380047539,912.2120473568921,-4118.901931976877,12198.1713072268,0.0012152777777777778,0.050520833333333334
6.0,6805.00739328393,984.384867321914,-4117.2118757294575,14085.726643914524,0.0012152777777777778,0.07517361111111111
7.0,7230.368423922979,1063.601688142629,-4115.588707287606,15973.21870315592,0.0012152777777777778,0.10868055555555556
8.0,7655.504471964687,1149.8625098190369,-4114.032426651324,17860.647484950987,0.0012152777777777778,0.14722222222222223
