collective_deg,J,V_ms,T_N,P_W,CT,CP,eta_p,stall_fraction,M_tip
25.0,0.1,5.633333333333335,8205.556517353802,186589.76392048225,0.013569340051375153,0.0017435049216221231,0.24773403468937885,0.0,0.5386131292891034
25.0,0.15000000000000002,8.450000000000001,7603.233835272626,182630.71460696496,0.012573292887903596,0.0017065113491022302,0.3517881756435043,0.0,0.5386131292891034
25.0,0.2,11.26666666666667,6959.9034052519655,176985.02297869115,0.0115094321550105,0.0016537576988856456,0.44305958989882016,0.0,0.5386131292891034
25.0,0.25,14.083333333333334,6275.305082490395,169361.7365307063,0.010377327657222138,0.0015825252949116467,0.5218251480850267,0.0,0.5386131292891034
25.0,0.30000000000000004,16.900000000000002,5549.705230170401,159455.39224511184,0.00917741987320595,0.0014899598740958635,0.5881896941165058,0.0,0.5386131292891034
25.0,0.35,19.716666666666665,4783.874742897724,146953.20574105842,0.007910983613637717,0.0013731387621395603,0.6418510110422635,0.0,0.5386131292891034
25.0,0.4,22.53333333333334,3979.0245487722323,131542.61162693988,0.00658002136245989,0.0012291413309914244,0.6816094449552385,0.0,0.5386131292891034
25.0,0.45000000000000007,25.350000000000005,3136.709856013744,112918.27279925186,0.005187104931729431,0.0010551144941180453,0.704187133567945,0.0125,0.5386131292891034
25.0,0.5,28.166666666666668,2258.718625196495,90787.83244897879,0.003735191030717546,0.0008483264535650317,0.7007610259387451,0.0375,0.5386131292891034
25.0,0.55,30.983333333333338,1346.9594754635846,64875.970199545896,0.002227435898995127,0.0006062046007310588,0.6432781550151242,0.075,0.5386131292891034
25.0,0.6,33.800000000000004,403.3633083064033,34926.73301754901,0.0006670326239398523,0.00032635729652474296,0.3903508471263591,0.1,0.5386131292891034
25.0,0.65,36.61666666666667,-570.1959469796873,704.2903128764206,-0.0009429199206805789,6.580927061326498e-06,-29.64498381351876,0.125,0.5386131292891034
25.0,0.7000000000000001,39.433333333333344,-1571.9574835141434,-38007.49615183139,-0.0025995099290335743,-0.0003551441151267665,nan,0.1625,0.5386131292891034
25.0,0.75,42.25,-2600.30934058003,-81406.34419223717,-0.00430007173876323,-0.0007606653160830218,nan,0.1875,0.5386131292891034
25.0,0.8,45.06666666666668,-3653.805958375361,-129673.27630842084,-0.006042214860878792,-0.0012116741599123668,nan,0.225,0.5386131292891034
25.0,0.85,47.88333333333334,-4731.17244569374,-182974.54515363663,-0.007823831037119955,-0.0017097241204661595,nan,0.25,0.5386131292891034
25.0,0.9,50.7,-5831.299321494388,-241463.5497876346,-0.009643085544212188,-0.0022562485669176437,nan,0.2875,0.5386131292891034
25.0,0.9500000000000001,53.51666666666667,-6953.231283526173,-305282.62626887235,-0.011498398620798654,-0.0028525774951531466,nan,0.325,0.5386131292891034
25.0,1.0,56.333333333333336,-8096.152718312491,-374564.64498008206,-0.01338842150563554,-0.0034999524532692197,nan,0.3625,0.5386131292891034
28.0,0.1,5.633333333333335,10395.957937381181,262172.0253670239,0.01719155649147977,0.002449749691166579,0.2233796542502771,0.0,0.5386131292891034
28.0,0.15000000000000002,8.450000000000001,9788.186112786614,259167.5217358797,0.01618649820638639,0.0024216754455173707,0.3191378769186121,0.0,0.5386131292891034
28.0,0.2,11.26666666666667,9143.2162486723,254535.85124826842,0.015119926379046309,0.002378396864094632,0.40471143546126315,0.0,0.5386131292891034
28.0,0.25,14.083333333333334,8460.946455288711,248008.8642013239,0.013991672516724616,0.0023174083414629117,0.4804599610947291,0.0,0.5386131292891034
28.0,0.30000000000000004,16.900000000000002,7741.688227530432,239305.71663043468,0.012802251731362825,0.002236085656313283,0.5467254727028318,0.0,0.5386131292891034
28.0,0.35,19.716666666666665,6986.1449409877805,228138.6679393026,0.011552827178994127,0.002131740144834529,0.6037709097307566,0.0,0.5386131292891034
28.0,0.4,22.53333333333334,6195.360712045169,214219.16683819387,0.01024512549086448,0.0020016755680517953,0.6516789795480665,0.0,0.5386131292891034
28.0,0.45000000000000007,25.350000000000005,5370.648754480202,197263.60510443625,0.008881318298388617,0.0018432418752782067,0.6901726542713954,0.0,0.5386131292891034
28.0,0.5,28.166666666666668,4513.507115092377,176998.1552082675,0.00746388288709766,0.0016538804071544015,0.7182586183389615,0.025,0.5386131292891034
28.0,0.55,30.983333333333338,3625.5353200666723,153162.39933327984,0.005995464356648063,0.0014311578054133176,0.7334121809424491,0.05,0.5386131292891034
28.0,0.6,33.800000000000004,2708.358761737143,125511.62146384861,0.0044787505809519785,0.0011727874302700247,0.7293549798739764,0.075,0.5386131292891034
28.0,0.65,36.61666666666667,1763.5670261037487,93817.87925222398,0.002916370221810557,0.0008766393760062368,0.6883117211118882,0.1,0.5386131292891034
28.0,0.7000000000000001,39.433333333333344,792.6685309546351,57870.089519765075,0.001310817715020275,0.000540741269898502,0.5401332996608207,0.125,0.5386131292891034
28.0,0.75,42.25,-202.940632406808,17473.340283272788,-0.00033559825534626404,0.00016327184375476898,-0.49070421454538665,0.15,0.5386131292891034
28.0,0.8,45.06666666666668,-1221.9933677734266,-27552.23448677055,-0.0020207823214396865,-0.00025744958040593835,nan,0.175,0.5386131292891034
28.0,0.85,47.88333333333334,-2263.358310196817,-77372.85788994169,-0.0037428635710708403,-0.0007229762002838049,nan,0.2,0.5386131292891034
28.0,0.9,50.7,-3326.038382872536,-132142.58714089758,-0.005500193161265063,-0.0012347475348873883,nan,0.2375,0.5386131292891034
28.0,0.9500000000000001,53.51666666666667,-4409.16407548903,-192004.75747381875,-0.007291333202822435,-0.001794102916455418,nan,0.2625,0.5386131292891034
28.0,1.0,56.333333333333336,-5511.983735313387,-257093.33796189114,-0.009115040704909625,-0.0024022941593079138,nan,0.3,0.5386131292891034
30.0,0.1,5.633333333333335,11897.798766887667,319853.9376367613,0.019675116122750805,0.0029887326225867686,0.2095464788772303,0.3375,0.5386131292891034
30.0,0.15000000000000002,8.450000000000001,11288.009352508427,317635.53946753347,0.01866672139584333,0.002968003789209743,0.3002928425093493,0.0,0.5386131292891034
30.0,0.2,11.26666666666667,10643.233550001469,313835.25448600104,0.017600470483719124,0.0029324937192592173,0.38209144112806737,0.0,0.5386131292891034
30.0,0.25,14.083333333333334,9963.453410573478,308198.1525178752,0.016476333704871577,0.0028798203312951185,0.45528707549311087,0.0,0.5386131292891034
30.0,0.30000000000000004,16.900000000000002,9249.008293778923,300457.5843243075,0.015294872250389249,0.00280749204029954,0.5202339641929226,0.0,0.5386131292891034
30.0,0.35,19.716666666666665,8500.573669816624,290340.2808301066,0.014057203129801356,0.002712955405143062,0.5772639505756044,0.0,0.5386131292891034
30.0,0.4,22.53333333333334,7719.116706198614,277571.7190076868,0.012764925725773738,0.002593645267696763,0.6266395957106083,0.0,0.5386131292891034
30.0,0.45000000000000007,25.350000000000005,6905.834584981571,261881.2135139618,0.011420019790733435,0.0024470323293648037,0.6684821121006057,0.0,0.5386131292891034
30.0,0.5,28.166666666666668,6062.084174689688,243006.28735363984,0.010024729146945379,0.0022706639908004226,0.7026513845103688,0.0125,0.5386131292891034
30.0,0.55,30.983333333333338,5189.310879085449,220696.0123354126,0.008581444025361389,0.0020621955653105915,0.7285231257039737,0.0375,0.5386131292891034
30.0,0.6,33.800000000000004,4288.985201282185,194713.25130696467,0.007092596163152391,0.0018194112304221238,0.7445189211842437,0.0625,0.5386131292891034
30.0,0.65,36.61666666666667,3362.549556001937,164835.83146078192,0.005560570848362787,0.0015402349913150868,0.7469574736944569,0.075,0.5386131292891034
30.0,0.7000000000000001,39.433333333333344,2411.3784753864043,130856.83796389017,0.003987641113175439,0.001222733424515078,0.7266619971283188,0.1,0.5386131292891034
30.0,0.75,42.25,1436.751092546671,92584.22155135461,0.0023759222305908528,0.0008651120112255009,0.6556487989308877,0.125,0.5386131292891034
30.0,0.8,45.06666666666668,439.83492596619743,49839.94350724529,0.0007273448990674245,0.0004657071479831162,0.397711004507762,0.15,0.5386131292891034
30.0,0.85,47.88333333333334,-578.3207793311545,2458.8688455663487,-0.0009563557690358135,2.297580448033163e-05,-11.262059259581426,0.175,0.5386131292891034
30.0,0.9,50.7,-1616.7856098922632,-49712.49655078206,-0.0026736411703947504,-0.00046451627667715276,nan,0.2,0.5386131292891034
30.0,0.9500000000000001,53.51666666666667,-2674.742907953165,-106817.24583283023,-0.00442316081685159,-0.000998106165689919,nan,0.2375,0.5386131292891034
30.0,1.0,56.333333333333336,-3751.481940072438,-168989.2634563646,-0.006203739384864029,-0.0015790448862083954,nan,0.2625,0.5386131292891034
32.0,0.1,5.633333333333335,13428.688058250325,383338.90591722744,0.022206712527159916,0.0035819396255882176,0.19734046008314957,0.7125,0.5386131292891034
32.0,0.15000000000000002,8.450000000000001,12817.962298608163,382018.8253356666,0.02119676938763092,0.003569604720700991,0.28352472244808674,0.575,0.5386131292891034
32.0,0.2,11.26666666666667,12174.264744022115,379166.2066068179,0.02013230154928941,0.0035429496958552624,0.36175001989268213,0.3625,0.5386131292891034
32.0,0.25,14.083333333333334,11497.649250830138,374538.16804734163,0.019013398073122547,0.003499705051366926,0.43233304577044807,0.0,0.5386131292891034
32.0,0.30000000000000004,16.900000000000002,10788.481516734677,367880.9452907276,0.017840663705008315,0.00343749959916732,0.4956096257954558,0.0,0.5386131292891034
32.0,0.35,19.716666666666665,10047.418028019356,358934.4199162245,0.016615184061212082,0.0033539027785587103,0.5519158406857497,0.0,0.5386131292891034
32.0,0.4,22.53333333333334,9275.367087904655,347436.8958825068,0.01533846118187486,0.0032464692874707517,0.6015623005435335,0.0,0.5386131292891034
32.0,0.45000000000000007,25.350000000000005,8473.43487042249,333129.64649536123,0.014012324321546702,0.003112781569574319,0.6447987329407538,0.0,0.5386131292891034
32.0,0.5,28.166666666666668,7642.865183488534,315760.8704099249,0.012638830336765083,0.00295048677938199,0.6817628660641901,0.0,0.5386131292891034
32.0,0.55,30.983333333333338,6784.9791756657305,295088.79745854664,0.011220163980516723,0.002757325803272822,0.712400041173735,0.025,0.5386131292891034
32.0,0.6,33.800000000000004,5901.120244590813,270883.8333505508,0.009758546798569844,0.002531153299683813,0.7363225106499842,0.0375,0.5386131292891034
32.0,0.65,36.61666666666667,4992.608555419592,242929.80123064926,0.008256161917673411,0.002269949300299358,0.752532963616828,0.0625,0.5386131292891034
32.0,0.7000000000000001,39.433333333333344,4060.7057970519036,211024.37926486533,0.006715095763737075,0.0019718232988779664,0.7588088438955417,0.0875,0.5386131292891034
32.0,0.75,42.25,3106.5908140348547,174978.92744332174,0.00513729776487014,0.001635012632888074,0.7501101064611769,0.1125,0.5386131292891034
32.0,0.8,45.06666666666668,2131.344413244222,134617.85665788816,0.0035245552265400965,0.0012578765881352046,0.7135204096113594,0.1375,0.5386131292891034
32.0,0.85,47.88333333333334,1135.942816499295,89777.75383292045,0.0018784825043124092,0.0008388882239359215,0.6058597615537143,0.15,0.5386131292891034
32.0,0.9,50.7,121.25611236805058,40306.315476423246,0.00020051844363634295,0.00037662440816178003,0.1525241100406756,0.175,0.5386131292891034
32.0,0.9500000000000001,53.51666666666667,-911.9479433237908,-13938.719049250882,-0.0015080673353406332,-0.00013024415033738762,nan,0.2,0.5386131292891034
32.0,1.0,56.333333333333336,-1962.9977952678814,-73090.63263961376,-0.003246164297053624,-0.0006829628542000238,nan,0.225,0.5386131292891034
34.0,0.1,5.633333333333335,14985.856172440412,452611.5714024905,0.024781765616358305,0.0042292271866513735,0.18651826077525502,0.8375,0.5386131292891034
34.0,0.15000000000000002,8.450000000000001,14375.143907109146,452297.3978077714,0.023771844792060813,0.00422629153146254,0.268562159773242,0.7625,0.5386131292891034
34.0,0.2,11.26666666666667,13733.316006505096,450503.85938049114,0.02271046875749964,0.004209532610665501,0.343456977008067,0.6625,0.5386131292891034
34.0,0.25,14.083333333333334,13060.488844906205,446999.1950905419,0.021597829958141135,0.004176784836565932,0.41148892418439087,0.5375,0.5386131292891034
34.0,0.30000000000000004,16.900000000000002,12357.05265375683,441541.4854446723,0.02043457371074791,0.004125787700236346,0.4729661803764045,0.3625,0.5386131292891034
34.0,0.35,19.716666666666665,11623.65180237845,433882.71688368113,0.019221765594043767,0.004054223749464944,0.5282064924893873,0.0,0.5386131292891034
34.0,0.4,22.53333333333334,10861.148654769733,423773.0503015905,0.017960831679535397,0.003959758474031371,0.5775211114690669,0.0,0.5386131292891034
34.0,0.45000000000000007,25.350000000000005,10070.57687409127,410964.9221593541,0.016653481312212993,0.003840078626736679,0.621194437755989,0.0,0.5386131292891034
34.0,0.5,28.166666666666668,9253.088908962352,395216.64434914035,0.015301620269847242,0.003692925860731351,0.6594577294814781,0.0,0.5386131292891034
34.0,0.55,30.983333333333338,8409.903760101444,376295.2819140472,0.013907264385884263,0.0035161236190851277,0.6924531452403242,0.0125,0.5386131292891034
34.0,0.6,33.800000000000004,7542.2596287070955,353978.71532775793,0.012472461245162405,0.003307596404840488,0.7201799554932424,0.025,0.5386131292891034
34.0,0.65,36.61666666666667,6651.373783128061,328056.8923160788,0.010999223816347853,0.0030653814781013097,0.7424051815303648,0.05,0.5386131292891034
34.0,0.7000000000000001,39.433333333333344,5738.411938422374,298332.3840509878,0.009489479815615856,0.0027876340531403695,0.7584986507301696,0.075,0.5386131292891034
34.0,0.75,42.25,4804.466371380189,264620.370370956,0.007945035515967465,0.002472627160297221,0.7670940219237652,0.0875,0.5386131292891034
34.0,0.8,45.06666666666668,3850.5419183874737,226748.19309668205,0.0063675525922187995,0.0021187474721360744,0.7653030736522979,0.1125,0.5386131292891034
34.0,0.85,47.88333333333334,2877.549777638748,184554.6674567957,0.004758537871862854,0.001724488869370053,0.7465900325614431,0.1375,0.5386131292891034
34.0,0.9,50.7,1886.3054039610865,137889.1886331981,0.0031193398537883634,0.0012884440923721645,0.6935691255333264,0.15,0.5386131292891034
34.0,0.9500000000000001,53.51666666666667,877.5312775978878,86610.80673672601,0.0014511532869538343,0.0008092960976975015,0.5422250483768619,0.175,0.5386131292891034
34.0,1.0,56.333333333333336,-148.13792921646876,30587.292351911212,-0.00024497228576679796,0.00028580932648255474,-0.27282909679776346,0.2,0.5386131292891034
