collective_deg,T,Q,P,CT,CQ,CP,reverse_flow_fraction,stall_fraction,M_adv_tip
12.0,2394.8779731856653,464.6522812764215,36493.7048332936,0.0022076197318518123,0.00016473868816328945,0.00016473868816328948,0.0012152777777777778,0.020833333333333332,0.6882387897648697
13.0,3268.6486568434057,543.134510709416,42657.6847188947,0.003013069288762047,0.0001925639244569865,0.0001925639244569865,0.0012152777777777778,0.021354166666666667,0.6882387897648697
14.0,4248.116574905476,657.0079603671766,51601.284540988396,0.003915951492715579,0.00023293683010960702,0.00023293683010960702,0.0012152777777777778,0.021527777777777778,0.6882387897648697
15.0,5299.331600119505,809.2895175522679,63561.45007423582,0.00488497081564777,0.000286927017983474,0.00028692701798347406,0.0012152777777777778,0.022048611111111113,0.6882387897648697
16.0,6405.337384120488,1001.0176242040053,78619.74035783029,0.005904496745419856,0.0003549026592244315,0.0003549026592244315,0.0012152777777777778,0.022222222222222223,0.6882387897648697
17.0,7555.670517621155,1232.5487092859707,96804.14925710969,0.0069648840186557264,0.00043699012282333543,0.0004369901228233355,0.0012152777777777778,0.022569444444444444,0.6882387897648697
18.0,8743.188911659814,1503.946860156625,118119.71018143723,0.008059548994478893,0.0005332121304320235,0.0005332121304320235,0.0012152777777777778,0.02309027777777778,0.6882387897648697
19.0,9962.703342430581,1815.1411070803094,142560.8491808086,0.009183708200413873,0.0006435435203077844,0.0006435435203077844,0.0012152777777777778,0.024652777777777777,0.6882387897648697
20.0,11210.275919310088,2165.998287921675,170117.1077255701,0.010333731653998368,0.000767937080898293,0.000767937080898293,0.0012152777777777778,0.03420138888888889,0.6882387897648697
21.0,12482.821172220194,2556.359846565285,200776.03284753577,0.011506775141580234,0.0009063365974220667,0.0009063365974220668,0.0012152777777777778,0.052256944444444446,0.6882387897648697
22.0,13777.85963309847,2986.0611043810536,234524.69071734356,0.012700553067533975,0.0010586836844098375,0.0010586836844098375,0.0012152777777777778,0.09618055555555556,0.6882387897648697
