M_tip,P_available_kW,P_required_kW,altitude_m,fuel_kg,fuel_used_kg,gross_weight_kg,payload_delta_kg,segment,stall_fraction,t_s,theta0_deg
0.6000797242050633,760.0000084333419,589.5040336555012,0.0,500.0,1.473760084138753,2700.0,,hover,0.0,0.0,22.316157047641646
0.6000797242050633,760.0000084333419,589.0347952910997,0.0,498.52623991586125,1.4725869882277494,2698.5262399158614,,hover,0.0,30.0,22.310388420991693
0.6003845256318796,757.5402739169763,613.5632633267569,45.0,497.0536529276335,1.533908158316892,2697.0536529276337,,climb,0.0,60.0,22.6790372215142
0.6006897919888593,755.0860117735408,614.2363746215495,90.0,495.5197447693166,1.5355909365538738,2695.5197447693167,,climb,0.0,90.0,22.71887626755745
0.6009955244591774,752.6372153759111,614.95464577524,135.0,493.98415383276273,1.5373866144380999,2693.984153832763,,climb,0.0,120.0,22.759378298155912
0.6013017242302289,750.1938780982578,615.6345799493374,180.0,492.4467672183246,1.5390864498733436,2692.4467672183246,,climb,0.0,150.0,22.799543584366294
0.601608392493648,747.7559933160466,616.3179747056932,225.0,490.90768076845126,1.540794936764233,2690.9076807684514,,climb,0.0,180.0,22.83987337415275
0.601915530445327,745.3235544060362,617.0048344905085,270.0,489.366885831687,1.5425120862262713,2689.3668858316873,,climb,0.0,210.0,22.880368467281688
0.6021205506102021,743.7049506804382,617.2935707132191,300.0,487.8243737454607,1.0288226178553652,2687.824373745461,,climb,0.0,240.0,22.905395533252936
0.5218378105288417,743.7049506804382,121.66528141373121,300.0,486.79555112760534,0.304163203534328,2686.7955511276054,,cruise,0.0,260.0,20.763834119808635
0.5218378105288417,743.7049506804382,121.65547418086767,300.0,486.49138792407103,0.30413868545216916,2686.491387924071,,cruise,0.0,290.0,20.763633285240456
0.5218378105288417,743.7049506804382,121.64566531205249,300.0,486.18724923861885,0.3041141632801312,2686.187249238619,,cruise,0.0,320.0,20.76343235012706
0.5218378105288417,743.7049506804382,121.63586121814612,300.0,485.8831350753387,0.3040896530453653,2685.883135075339,,cruise,0.0,350.0,20.763231504291248
0.5218378105288417,743.7049506804382,121.62605461951127,300.0,485.57904542229335,0.30406513654877815,2685.579045422294,,cruise,0.0,380.0,20.763030661514733
0.5218378105288417,743.7049506804382,121.61624925549644,300.0,485.27498028574456,0.3040406231387411,2685.274980285745,,cruise,0.0,410.0,20.76282975955031
0.5218378105288417,743.7049506804382,121.60644556290134,300.0,484.9709396626058,0.30401611390725336,2684.9709396626063,,cruise,0.0,440.0,20.762628927191617
0.5218378105288417,743.7049506804382,121.59664402021758,300.0,484.66692354869855,0.303991610050544,2684.666923548699,,cruise,0.0,470.0,20.762428136644203
0.5218378105288417,743.7049506804382,121.58684059148614,300.0,484.362931938648,0.3039671014787153,2684.362931938648,,cruise,0.0,500.0,20.762227295831522
0.5218378105288417,743.7049506804382,121.57704339827173,300.0,484.0589648371693,0.3039426084956793,2684.0589648371697,,cruise,0.0,530.0,20.762026602664058
0.5218378105288417,743.7049506804382,121.56724781434369,300.0,483.7550222286736,0.3039181195358592,2683.755022228674,,cruise,0.0,560.0,20.76182589633528
0.5218378105288417,743.7049506804382,121.55744668141325,300.0,483.45110410913776,0.3038936167035331,2683.451104109138,,cruise,0.0,590.0,20.761625061702077
0.5218378105288417,743.7049506804382,121.54764373152553,300.0,483.1472104924342,0.30386910932881384,2683.1472104924346,,cruise,0.0,620.0,20.76142425564283
0.5218378105288417,743.7049506804382,121.53785205087793,300.0,482.84334138310544,0.3038446301271948,2682.843341383106,,cruise,0.0,650.0,20.761223618849144
0.5218378105288417,743.7049506804382,121.52805454688378,300.0,482.53949675297827,0.3038201363672094,2682.5394967529787,,cruise,0.0,680.0,20.76102288870953
0.5218378105288417,743.7049506804382,121.51825762934085,300.0,482.23567661661104,0.30379564407335213,2682.2356766166117,,cruise,0.0,710.0,20.760822190256864
0.5218378105288417,743.7049506804382,121.50846858988011,300.0,481.93188097253767,0.3037711714747003,2681.9318809725382,,cruise,0.0,740.0,20.760621593287663
0.5218378105288417,743.7049506804382,121.49867391212439,300.0,481.628109801063,0.30374668478031097,2681.6281098010636,,cruise,0.0,770.0,20.76042089559413
0.5218378105288417,743.7049506804382,121.48887777321357,300.0,481.32436311628265,0.3037221944330339,2681.324363116283,,cruise,0.0,800.0,20.7602201827421
0.5218378105288417,743.7049506804382,121.47908999168136,300.0,481.02064092184963,0.3036977249792034,2681.02064092185,,cruise,0.0,830.0,20.760019624876204
0.5218378105288417,743.7049506804382,121.46929854690546,300.0,480.71694319687043,0.3036732463672636,2680.7169431968705,,cruise,0.0,860.0,20.75981898134398
0.5218378105288417,743.7049506804382,121.45950988062327,300.0,480.41326995050315,0.30364877470155816,2680.413269950503,,cruise,0.0,890.0,20.7596184172259
0.5218378105288417,743.7049506804382,121.44972070163661,300.0,480.1096211758016,0.3036243017540915,2680.1096211758013,,cruise,0.0,920.0,20.759417820010952
0.5218378105288417,743.7049506804382,121.43993313671025,300.0,479.8059968740475,0.3035998328417756,2679.805996874047,,cruise,0.0,950.0,20.7592172713538
0.5218378105288417,743.7049506804382,121.43014926290927,300.0,479.5023970412057,0.3035753731572732,2679.5023970412053,,cruise,0.0,980.0,20.75901673328918
0.5218378105288417,743.7049506804382,121.42036372129965,300.0,479.1988216680484,0.30355090930324913,2679.198821668048,,cruise,0.0,1010.0,20.75881619389265
0.5218378105288417,743.7049506804382,121.41057903897082,300.0,478.8952707587452,0.3035264475974271,2678.8952707587446,,cruise,0.0,1040.0,20.758615636184274
0.5218378105288417,743.7049506804382,121.40079316991988,300.0,478.59174431114775,0.3035019829247997,2678.591744311147,,cruise,0.0,1070.0,20.75841510802701
0.5218378105288417,743.7049506804382,121.39101209964106,300.0,478.28824232822296,0.3034775302491026,2678.288242328222,,cruise,0.0,1100.0,20.75821462415775
0.5218378105288417,743.7049506804382,121.38122801226717,300.0,477.98476479797387,0.3034530700306679,2677.984764797973,,cruise,0.0,1130.0,20.758014151455615
0.5218378105288417,743.7049506804382,121.37144497256108,300.0,477.6813117279432,0.3034286124314027,2677.6813117279426,,cruise,0.0,1160.0,20.757813692108975
0.5218378105288417,743.7049506804382,121.36167544461611,300.0,477.3778831155118,0.3034041886115403,2677.377883115511,,cruise,0.0,1190.0,20.757613331971598
0.5218378105288417,743.7049506804382,121.3518911794858,300.0,477.07447892690027,0.3033797279487145,2677.0744789268992,,cruise,0.0,1220.0,20.757412879318874
0.5218378105288417,743.7049506804382,121.34211069197463,300.0,476.77109919895156,0.30335527672993656,2676.7710991989507,,cruise,0.0,1250.0,20.757212400118107
0.5218378105288417,743.7049506804382,121.33233509131976,300.0,476.46774392222164,0.3033308377282994,2676.4677439222205,,cruise,0.0,1280.0,20.757012044133962
0.5218378105288417,743.7049506804382,121.32255890967194,300.0,476.16441308449333,0.30330639727417985,2676.164413084492,,cruise,0.0,1310.0,20.756811626019687
0.5218378105288417,743.7049506804382,121.312784108651,300.0,475.86110668721915,0.3032819602716275,2675.8611066872177,,cruise,0.0,1340.0,20.75661122125864
0.5218378105288417,743.7049506804382,121.30301074287202,300.0,475.5578247269475,0.30325752685718,2675.557824726946,,cruise,0.0,1370.0,20.756410934214447
0.5218378105288417,743.7049506804382,121.2932363935309,300.0,475.2545672000903,0.3032330909838272,2675.254567200089,,cruise,0.0,1400.0,20.756210586209292
0.5218378105288417,743.7049506804382,121.28346351094036,300.0,474.9513341091065,0.30320865877735087,2674.951334109105,,cruise,0.0,1430.0,20.756010266196853
0.5218378105288417,743.7049506804382,121.27368585586092,300.0,474.64812545032913,0.3031842146396523,2674.648125450328,,cruise,0.0,1460.0,20.755809878350792
0.5218378105288417,743.7049506804382,121.26391947762696,300.0,474.3449412356895,0.3031597986940674,2674.344941235688,,cruise,0.0,1490.0,20.755609578240072
0.5218378105288417,743.7049506804382,121.25415283146069,300.0,474.0417814369954,0.3031353820786517,2674.041781436994,,cruise,0.0,1520.0,20.755409332687858
0.5218378105288417,743.7049506804382,121.24438520078269,300.0,473.7386460549167,0.3031109630019567,2673.738646054915,,cruise,0.0,1550.0,20.755209086880004
0.5218378105288417,743.7049506804382,121.23461726732631,300.0,473.43553509191474,0.3030865431683158,2673.435535091913,,cruise,0.0,1580.0,20.755008875797134
0.5218378105288417,743.7049506804382,121.2248489102619,300.0,473.1324485487464,0.13775551012529866,2673.132448548745,,cruise,0.0,1610.0,20.754808654148935
,,,300.0,472.9946930386211,,2522.9946930386195,-150.0,payload,,1623.6363636363637,
0.6021205506102021,743.7049506804382,541.2285619739525,300.0,472.9946930386211,1.3530714049348813,2522.9946930386195,,loiter,0.0,1623.6363636363637,21.911594220695758
0.6021205506102021,743.7049506804382,540.8083676495163,300.0,471.6416216336862,1.3520209191237909,2521.6416216336847,,loiter,0.0,1653.6363636363637,21.906107259855474
0.6021205506102021,743.7049506804382,540.3886420100612,300.0,470.2896007145624,1.3509716050251528,2520.289600714561,,loiter,0.0,1683.6363636363637,21.90062403006177
0.6021205506102021,743.7049506804382,539.9693858011979,300.0,468.93862910953726,1.3499234645029945,2518.9386291095357,,loiter,0.0,1713.6363636363637,21.895144565658626
0.5218378105288417,743.7049506804382,116.23228163814018,300.0,467.5887056450343,0.2905807040953504,2517.588705645033,,cruise,0.0,1743.6363636363637,20.651924071714742
0.5218378105288417,743.7049506804382,116.22299120383138,300.0,467.2981249409389,0.29055747800957843,2517.2981249409377,,cruise,0.0,1773.6363636363637,20.651731643807594
0.5218378105288417,743.7049506804382,116.21370598784983,300.0,467.00756746292933,0.29053426496962453,2517.007567462928,,cruise,0.0,1803.6363636363637,20.651539261427494
0.5218378105288417,743.7049506804382,116.20441078685255,300.0,466.7170331979597,0.2905110269671313,2516.7170331979582,,cruise,0.0,1833.6363636363637,20.651346757888223
0.5218378105288417,743.7049506804382,116.19512441120355,300.0,466.4265221709926,0.29048781102800886,2516.426522170991,,cruise,0.0,1863.6363636363637,20.651154370370275
0.5218378105288417,743.7049506804382,116.18584058430142,300.0,466.1360343599646,0.29046460146075354,2516.136034359963,,cruise,0.0,1893.6363636363637,20.650961997335333
0.5218378105288417,743.7049506804382,116.17655273087891,300.0,465.8455697585038,0.29044138182719725,2515.8455697585023,,cruise,0.0,1923.6363636363637,20.650769619041164
0.5218378105288417,743.7049506804382,116.16726551318925,300.0,465.55512837667663,0.2904181637829731,2515.555128376675,,cruise,0.0,1953.6363636363637,20.650577222913057
0.5218378105288417,743.7049506804382,116.157982986107,300.0,465.26471021289365,0.29039495746526744,2515.264710212892,,cruise,0.0,1983.6363636363637,20.650384895163548
0.5218378105288417,743.7049506804382,116.14869779299023,300.0,464.9743152554284,0.29037174448247555,2514.974315255427,,cruise,0.0,2013.6363636363637,20.65019255591778
0.5218378105288417,743.7049506804382,116.13941939898622,300.0,464.68394351094594,0.2903485484974655,2514.6839435109446,,cruise,0.0,2043.6363636363637,20.650000299930696
0.5218378105288417,743.7049506804382,116.13013748396202,300.0,464.39359496244845,0.29032534370990504,2514.393594962447,,cruise,0.0,2073.636363636364,20.64980802004629
0.5218378105288417,743.7049506804382,116.12085472442499,300.0,464.1032696187385,0.2903021368110625,2514.103269618737,,cruise,0.0,2103.636363636364,20.649615666821507
0.5218378105288417,743.7049506804382,116.11157701888055,300.0,463.81296748192744,0.2902789425472013,2513.812967481926,,cruise,0.0,2133.636363636364,20.649423434892565
0.5218378105288417,743.7049506804382,116.1022971580512,300.0,463.5226885393802,0.29025574289512796,2513.522688539379,,cruise,0.0,2163.636363636364,20.649231191622683
0.5218378105288417,743.7049506804382,116.09302094809651,300.0,463.2324327964851,0.29023255237024126,2513.232432796484,,cruise,0.0,2193.636363636364,20.64903895634459
0.5218378105288417,743.7049506804382,116.08374420176942,300.0,462.9422002441149,0.29020936050442353,2512.942200244114,,cruise,0.0,2223.636363636364,20.648846710573483
0.5218378105288417,743.7049506804382,116.07446889863192,300.0,462.65199088361044,0.2901861722465798,2512.6519908836094,,cruise,0.0,2253.636363636364,20.64865446536661
0.5218378105288417,743.7049506804382,116.06519336301412,300.0,462.36180471136385,0.29016298340753527,2512.3618047113628,,cruise,0.0,2283.636363636364,20.648462350963886
0.5218378105288417,743.7049506804382,116.05591993573155,300.0,462.0716417279563,0.29013979983932886,2512.071641727955,,cruise,0.0,2313.636363636364,20.64827015601838
0.5218378105288417,743.7049506804382,116.04664217365908,300.0,461.781501928117,0.2901166054341477,2511.7815019281156,,cruise,0.0,2343.636363636364,20.648077952411413
0.5218378105288417,743.7049506804382,116.03737340516282,300.0,461.49138532268285,0.29009343351290706,2511.4913853226817,,cruise,0.0,2373.636363636364,20.647885804614504
0.5218378105288417,743.7049506804382,116.02810207497886,300.0,461.20129188916997,0.29007025518744717,2511.2012918891687,,cruise,0.0,2403.636363636364,20.64769369700271
0.5218378105288417,743.7049506804382,116.0188289604247,300.0,460.9112216339825,0.2900470724010617,2510.9112216339813,,cruise,0.0,2433.636363636364,20.64750154051828
0.5218378105288417,743.7049506804382,116.00955976401148,300.0,460.6211745615814,0.2900238994100287,2510.62117456158,,cruise,0.0,2463.636363636364,20.64730940299537
0.5218378105288417,743.7049506804382,116.00029327921175,300.0,460.3311506621714,0.2900007331980294,2510.33115066217,,cruise,0.0,2493.636363636364,20.647117397774796
0.5218378105288417,743.7049506804382,115.99102253281177,300.0,460.04114992897337,0.28997755633202943,2510.0411499289717,,cruise,0.0,2523.636363636364,20.64692524672466
0.5218378105288417,743.7049506804382,115.98175765581391,300.0,459.75117237264135,0.2899543941395348,2509.7511723726398,,cruise,0.0,2553.636363636364,20.646733222943887
0.5218378105288417,743.7049506804382,115.97248862062224,300.0,459.4612179785018,0.2899312215515556,2509.4612179785004,,cruise,0.0,2583.636363636364,20.646541135093177
0.5218378105288417,743.7049506804382,115.96322913770022,300.0,459.1712867569502,0.2899080728442505,2509.171286756949,,cruise,0.0,2613.636363636364,20.64634917258726
0.5218378105288417,743.7049506804382,115.9539589214753,300.0,458.881378684106,0.2898848973036882,2508.8813786841047,,cruise,0.0,2643.636363636364,20.646157102788397
0.5218378105288417,743.7049506804382,115.94469741654223,300.0,458.5914937868023,0.2898617435413556,2508.591493786801,,cruise,0.0,2673.636363636364,20.645965106073447
0.5218378105288417,743.7049506804382,115.93543364252133,300.0,458.30163204326095,0.2898385841063033,2508.30163204326,,cruise,0.0,2703.636363636364,20.64577308147469
0.5218378105288417,743.7049506804382,115.92616839108011,300.0,458.01179345915466,0.2898154209777003,2508.0117934591535,,cruise,0.0,2733.636363636364,20.645581080462957
0.5218378105288417,743.7049506804382,115.91691106032141,300.0,457.721978038177,0.2897922776508035,2507.7219780381756,,cruise,0.0,2763.636363636364,20.645389172719984
0.5218378105288417,743.7049506804382,115.90765004347213,300.0,457.4321857605262,0.2897691251086803,2507.432185760525,,cruise,0.0,2793.636363636364,20.64519717007205
0.5218378105288417,743.7049506804382,115.898388522494,300.0,457.1424166354175,0.28974597130623503,2507.1424166354163,,cruise,0.0,2823.636363636364,20.645005233028265
0.5218378105288417,743.7049506804382,115.88912767161058,300.0,456.85267066411126,0.2897228191790264,2506.85267066411,,cruise,0.0,2853.636363636364,20.64481329894812
0.5218378105288417,743.7049506804382,115.87987637504185,300.0,456.56294784493224,0.2896996909376046,2506.562947844931,,cruise,0.0,2883.636363636364,20.644621432283127
0.5218378105288417,743.7049506804382,115.87061756845483,300.0,456.27324815399464,0.28967654392113706,2506.2732481539933,,cruise,0.0,2913.636363636364,20.644429513130707
0.5218378105288417,743.7049506804382,115.86136321334041,300.0,455.9835716100735,0.289653408033351,2505.983571610072,,cruise,0.0,2943.636363636364,20.644237671789572
0.5218378105288417,743.7049506804382,115.85210963676992,300.0,455.69391820204015,0.2896302740919248,2505.6939182020387,,cruise,0.0,2973.636363636364,20.644045818768895
0.5218378105288417,743.7049506804382,115.84285496855077,300.0,455.40428792794825,0.2896071374213769,2505.404287927947,,cruise,0.0,3003.636363636364,20.64385403803933
0.5218378105288417,743.7049506804382,115.8336007967812,300.0,455.11468079052685,0.289584001991953,2505.1146807905257,,cruise,0.0,3033.636363636364,20.64366215989814
0.5218378105288417,743.7049506804382,115.82435236049191,300.0,454.8250967885349,0.2895608809012298,2504.8250967885338,,cruise,0.0,3063.636363636364,20.643470367721125
0.5218378105288417,743.7049506804382,115.81510039379646,300.0,454.5355359076337,0.13160806862931293,2504.5355359076325,,cruise,0.0,3093.636363636364,20.643278542802385
0.6018130988665198,746.1337626879167,513.3999639905232,255.0,454.4039278390044,1.283499909976308,2504.4039278390032,,descent,0.0,3107.2727272727275,21.47689765471419
0.6015061176107348,748.5680161528254,511.99403518772857,210.0,453.1204279290281,1.2799850879693215,2503.120427929027,,descent,0.0,3137.2727272727275,21.42781194170784
0.6011996056441045,751.0077176975379,510.59734635230706,165.0,451.8404428410588,1.2764933658807676,2501.8404428410577,,descent,0.0,3167.2727272727275,21.378980209910285
0.600893561772158,753.4528739457265,509.2098508973553,120.0,450.56394947517805,1.273024627243388,2500.5639494751767,,descent,0.0,3197.2727272727275,21.330400882496296
0.6005879848046768,755.9034915223575,507.8314965029846,75.0,449.29092484793466,1.2695787412574615,2499.290924847933,,descent,0.0,3227.2727272727275,21.282072277568123
0.6002828735556743,758.3595770536926,506.4622309804408,30.0,448.0213461066772,1.266155577451102,2498.0213461066755,,descent,0.0,3257.2727272727275,21.23399275599407
0.6000797242050633,760.0000084333419,505.43047107152626,0.0,446.75519052922607,0.8423841184525437,2496.7551905292244,,descent,0.0,3287.2727272727275,21.200405297249468
0.6000797242050633,760.0000084333419,526.1021118382299,0.0,445.9128064107735,1.3152552795955748,2495.9128064107717,,hover,0.0,3307.2727272727275,21.51215666587642
