theta0_deg,T_axial,T_edgewise,Q_axial,Q_edgewise,CT_axial,CT_edgewise,CQ_axial,CQ_edgewise
12.0,2041.2961719427099,2041.2961719427099,531.9914693636852,531.9914693636852,0.0018816848950929544,0.0018816848950929544,0.00018861324975373903,0.00018861324975373903
13.0,2857.983031332688,2857.983031332688,644.1031969128287,644.1031969128287,0.0026345140770888706,0.0026345140770888706,0.00022836155115759835,0.00022836155115759835
14.0,3780.1887795161,3780.188779516101,795.3359922594784,795.3359922594784,0.0034846115055640003,0.003484611505564001,0.00028197990904929896,0.00028197990904929896
15.0,4773.934725233763,4773.934725233763,986.1737609435438,986.1737609435438,0.004400655321899178,0.004400655321899178,0.00034963988820330106,0.00034963988820330106
16.0,5822.249864328877,5822.249864328877,1216.4913253739983,1216.4913253739983,0.0053670015041169285,0.0053670015041169285,0.0004312971079225456,0.0004312971079225456
17.0,6914.664538346522,6914.664538346522,1486.0149059560247,1486.014905956025,0.00637399902830304,0.00637399902830304,0.0005268545018778366,0.0005268545018778366
18.0,8044.035607817679,8044.03560781768,1794.4394811042564,1794.4394811042566,0.007415063285214062,0.007415063285214063,0.0006362039271462622,0.0006362039271462623
19.0,9205.176111502074,9205.176111502074,2141.468146348275,2141.468146348275,0.00848541288802754,0.00848541288802754,0.0007592401186620144,0.0007592401186620144
20.0,10394.152576922315,10394.152576922315,2526.8261716384495,2526.8261716384495,0.009581421926967268,0.009581421926967268,0.0008958656731198712,0.0008958656731198712
21.0,11607.885373393889,11607.885373393889,2950.265580076031,2950.265580076031,0.010700251571185888,0.010700251571185888,0.0010459926723267214,0.0010459926723267214
22.0,12843.901811283738,12843.901811283738,3411.565728301547,3411.565728301547,0.011839622473474145,0.011839622473474145,0.0012095428889735513,0.0012095428889735513
