r,r_over_R,chord,twist,phi,alpha_deg,Cl,Cd,stalled,dT,dQ,vi,M_local
0.13030833333333333,0.17100831146106737,0.0508,0.0,0.12340529906590075,4.929397193974167,0.4946967142471581,0.020552356865290528,False,8.275124283575256,0.1794737052595657,2.031086104404795,0.04848898708107196
0.140925,0.18494094488188975,0.0508,0.0,0.12059994537979364,5.0901321202295735,0.510827497942274,0.02116558535553739,False,9.991935587808369,0.23014582375684944,2.146138291195384,0.052421516617900316
0.15154166666666666,0.19887357830271216,0.0508,0.0,0.11800083001943641,5.239050460845666,0.525772411264328,0.02175129030044256,False,11.889863111255206,0.2895687446077849,2.2576119444401472,0.05635316214528471
0.16215833333333332,0.21280621172353453,0.0508,0.0,0.11558275310891286,5.377596062356699,0.5396763534998386,0.022311363573795186,False,13.97170296304811,0.35842617105411867,2.3658226726227074,0.06028403214729876
0.17277499999999998,0.22673884514435694,0.0508,0.0,0.11332459597644062,5.506978935524723,0.5526607570115539,0.02284759592970071,False,16.240015185798732,0.437397812585113,2.471039418380861,0.06421421596314732
0.18339166666666668,0.24067147856517937,0.0508,0.0,0.11120882016437393,5.628203959952009,0.5648264679309374,0.02336158559075003,False,18.69710374259544,0.5271589749828453,2.573500423138042,0.06814379025138231
0.19400833333333334,0.25460411198600175,0.0508,0.0,0.1092204361668869,5.742129971059367,0.5762596759164879,0.02385482850991968,False,21.3450988956746,0.6283812374898998,2.6734119990547516,0.07207281930067251
0.204625,0.26853674540682415,0.0508,0.0,0.10734657639880266,5.8494942271699575,0.5870343695829722,0.0243287089252052,False,24.18597653295523,0.7417325634171121,2.7709546692714255,0.07600135768166805
0.21524166666666666,0.28246937882764656,0.0508,0.0,0.10557624008185394,5.950927026449853,0.5972138034054273,0.02478447360975336,False,27.221548536019274,0.8678771638606152,2.86629053619989,0.07992945304680527
0.22585833333333333,0.2964020122484689,0.0508,0.0,0.10389985386849664,6.046976881309145,0.6068530241322319,0.02522327383358923,False,30.4535059533435,1.0074759102563566,2.959563281523348,0.08385714644487378
0.236475,0.3103346456692913,0.0508,0.0,0.10230903260404575,6.138124225721845,0.6160002464028244,0.02564617404795238,False,33.88343654184686,1.1611865088138835,3.050900622293539,0.08778447337075913
0.24709166666666668,0.32426727909011377,0.0508,0.0,0.10079651937617949,6.224784850136291,0.6246971974630554,0.02605412432961042,False,37.512795131433954,1.3296632451474975,3.140420451173606,0.0917114658294588
0.2577083333333333,0.3381999125109361,0.0508,0.0,0.09935576524126377,6.307333981382984,0.6329815337388208,0.026448038640996215,False,41.34299667015375,1.5135578937814127,3.2282246961952232,0.09563815065859671
0.26832500000000004,0.3521325459317586,0.0508,0.0,0.09798111340723469,6.3860957297727685,0.6408857817844881,0.026828717780473132,False,45.37532252648872,1.713518885034833,3.3144103731957717,0.09956455294893246
0.27894166666666664,0.36606517935258087,0.0508,0.0,0.09666745595513504,6.461362757503987,0.648439312134061,0.027196920284343826,False,49.61100779142071,1.9301921627800371,3.3990634455754583,0.1034906943198286
0.28955833333333336,0.37999781277340333,0.0508,0.0,0.09541026678997985,6.533394390716954,0.6556681498337034,0.027553335452035976,False,54.05120430590807,2.164220898662899,3.4822637364916202,0.1074165944372569
0.30017499999999997,0.3939304461942257,0.0508,0.0,0.09420543417727482,6.602426214444673,0.6625959373567573,0.027898615357341387,False,58.69702773071096,2.4162459514961814,3.564082472761574,0.11134227038554038
0.3107916666666667,0.40786307961504814,0.0508,0.0,0.09304934571644602,6.668665203993939,0.6692434460065229,0.02823333799707696,False,63.54949325477986,2.6869053860943497,3.6445884251054848,0.11526773844013198
0.3214083333333333,0.42179571303587043,0.0508,0.0,0.09193862502408442,6.732304811884107,0.675630089987602,0.02855807253295483,False,68.60962625513275,2.976835431816111,3.7238405398549252,0.1191930120732123
0.332025,0.43572834645669295,0.0508,0.0,0.09087029819016681,6.793515430608159,0.6817729692826283,0.028873322557446186,False,73.87835899051639,3.2866696994034172,3.801896535292892,0.12311810436252582
0.3426416666666666,0.44966097987751524,0.0508,0.0,0.08984167489825554,6.852451203943529,0.6876875532111182,0.029179552772835328,False,79.35657074989014,3.6170395856695317,3.8788104455566588,0.12704302732377998
0.35325833333333334,0.4635936132983377,0.0508,0.0,0.08885025090894214,6.9092556142392105,0.6933882411496702,0.02947721183231127,False,85.04513498152902,3.9685746591951423,3.954630164540629,0.13096779129298688
0.363875,0.4775262467191601,0.0508,0.0,0.0878937608048366,6.964058460350486,0.698888059248277,0.02976671150698764,False,90.94487434261508,4.341902376660823,4.029401130042054,0.13489240593575516
0.37449166666666667,0.4914588801399825,0.0508,0.0,0.08697017004519272,7.016976312875362,0.7041987061162293,0.030048424109480963,False,97.05654607868571,4.737648072458197,4.1031675518096105,0.13881688056738672
0.3851083333333334,0.5053915135608049,0.0508,0.0,0.0860775675995022,7.068118665796484,0.7093311701789498,0.030322711114836982,False,103.38090782321137,5.156435433118951,4.175968727397684,0.14274122321512153
0.395725,0.5193241469816273,0.0508,0.0,0.08521424740648359,7.11758326922487,0.7142952612888068,0.030589894907358972,False,109.91864296487854,5.598886103743587,4.247843954360654,0.1466654418896118
0.4063416666666667,0.5332567804024497,0.0508,0.0,0.08437860999266483,7.165461766239912,0.7191001764182647,0.030850285963129657,False,116.67042703755337,6.06562014081493,4.318828846107179,0.15058954365341232
0.4169583333333333,0.547189413823272,0.0508,0.0,0.08356921870358851,7.211836471078637,0.7237541763304535,0.031104162864112404,False,123.63686825342775,6.557255763381817,4.388959016045913,0.1545135355530194
0.42757500000000004,0.5611220472440945,0.0508,0.0,0.08278475681443444,7.256782826516027,0.7282648321930896,0.031351783206398066,False,130.81853078096364,7.074409578151879,4.458268849536944,0.1584374243055623
0.43819166666666665,0.5750546806649168,0.0508,0.0,0.08202405731103005,7.300367697538795,0.7326388543376647,0.03159337205615145,False,138.21588985574243,7.6176965117673285,4.526793959988927,0.16236121689176714
0.44880833333333336,0.5889873140857393,0.0508,0.0,0.08128602031961954,7.34265410227115,0.7368825670382751,0.03182914622324832,False,145.82940225273182,8.187730222471957,4.594567504713375,0.16628491965310474
0.459425,0.6029199475065616,0.0508,0.0,0.08056977440366943,7.383691970348575,0.7410009810549884,0.03205926101793781,False,153.6593116686938,8.78512262612037,4.661630009313239,0.1702085406334258
0.4700416666666667,0.6168525809273842,0.0508,0.0,0.07987448557947735,7.423529085517393,0.7449988917940927,0.0322838695188819,False,161.70583630007587,9.410484796888198,4.728019543294325,0.1741320871928534
0.4806583333333333,0.6307852143482064,0.0508,0.0,0.07919951479596647,7.462202062707204,0.7488799737992802,0.032503070516355786,False,169.96896490255608,10.06442668387894,4.793781544453889,0.17805556831452798
0.491275,0.6447178477690289,0.0508,0.0,0.07854441670714789,7.499736418363596,0.7526467878099871,0.03271690688849496,False,178.44841248284567,10.747557602271002,4.858970046929205,0.18197899481496085
0.5018916666666666,0.6586504811898513,0.0508,0.0,0.07790891925075148,7.536147740506409,0.7563008981842664,0.032925370457252474,False,187.14359987082085,11.460486889065942,4.923647681197567,0.18590237926693617
0.5125083333333333,0.6725831146106737,0.0508,0.0,0.07729296261988335,7.571439455818251,0.7598426488117583,0.0331283875596699,False,196.0535493875629,12.203824605018536,4.987889358222013,0.18982573676615241
0.523125,0.686515748031496,0.0508,0.0,0.07669680779794288,7.605596611051813,0.7632705390379159,0.033325781314299835,False,205.1766558190181,12.978182563366179,5.051790865791347,0.19374908677278774
0.5337416666666667,0.7004483814523185,0.0508,0.0,0.07612104118026684,7.638585608229171,0.7665811970895531,0.03351726774031199,False,214.51057855916284,13.784175960869124,5.115471324617287,0.1976724535044175
0.5443583333333333,0.7143810148731408,0.0508,0.0,0.07556668575660472,7.670347834355199,0.7697687407756103,0.03370241641872472,False,224.05194846052888,14.622425523406546,5.179083012723064,0.20159586795825307
0.554975,0.7283136482939633,0.0508,0.0,0.07503528207121551,7.700795022745698,0.7728243119665983,0.03388062068682971,False,233.79607699823643,15.493560470585834,5.242819961783429,0.20551936959308778
0.5655916666666667,0.7422462817147857,0.0508,0.0,0.07452902882264804,7.7298011972534,0.7757352681458611,0.03405104749509758,False,243.73651743391238,16.39822253452419,5.306931465658987,0.20944300904391963
0.5762083333333333,0.756178915135608,0.0508,0.0,0.0740509754315961,7.757191638942595,0.7784840751444099,0.034212569196727674,False,253.8644616799825,17.337071442749796,5.371740501124808,0.21336685183972512
0.586825,0.7701115485564305,0.0508,0.0,0.073605226876879,7.782731149851942,0.7810471293340333,0.03436369067073475,False,264.168020685847,18.310792021841692,5.437664604696197,0.2172909825819892
0.5974416666666666,0.7840441819772528,0.0508,0.0,0.07319725686930442,7.806106109453884,0.783392956877587,0.03450243950417425,False,274.63118449954135,19.32010353434896,5.505246573843033,0.22121551120172414
0.6080583333333334,0.7979768153980753,0.0508,0.0,0.0728342841457798,7.826902914590214,0.7854800500378536,0.034626234745083896,False,285.2324959663505,20.365771288106533,5.575192536495605,0.22514058077659985
0.618675,0.8119094488188976,0.0508,0.0,0.07252589279863657,7.844572437219874,0.7872533002839271,0.034731673300867114,False,295.9430083679188,21.44862164211652,5.6484321254247405,0.22906638013963565
0.6292916666666667,0.8258420822397201,0.0508,0.0,0.07228469782120102,7.858391891466686,0.7886401714041817,0.03481430321181161,False,306.7238323466426,22.56955818770653,5.726187248961976,0.232993158525504
0.6399083333333333,0.8397747156605424,0.0508,0.0,0.07212744538552666,7.867401792348978,0.789544372909309,0.03486825394301528,False,317.522335719067,23.729579453288476,5.810081387322677,0.23692124940794096
0.650525,0.8537073490813648,0.0508,0.0,0.07207652771618622,7.870319159904828,0.7898371495080166,0.03488573620956329,False,328.2667926561726,24.92979238465542,5.902291870629272,0.24085110465686585
0.6611416666666667,0.8676399825021873,0.0508,0.0,0.0721622327843466,7.865408621216359,0.7893443453660947,0.03485631363181204,False,338.8584405164316,26.17141093645861,6.005775839848933,0.2447833468442361
0.6717583333333333,0.8815726159230096,0.0508,0.0,0.07242623928673379,7.85028216286556,0.7878263079773681,0.03476579552140835,False,349.1592029547838,27.45571481485081,6.1246202406373005,0.24871885306776328
0.682375,0.8955052493438319,0.0508,0.0,0.07292718664108565,7.821579993702954,0.784945860689845,0.03459451811773616,False,358.972148978966,28.78390869141396,6.26459935739123,0.25265889378540013
0.6929916666666667,0.9094378827646544,0.0508,0.0,0.0737502360243777,7.774422737709476,0.7802133267359157,0.03431447392122211,False,368.0082424288189,30.156741799070577,6.434127778942576,0.25660537961842406
0.7036083333333334,0.9233705161854768,0.0508,0.0,0.07502467203013784,7.701402933319908,0.7728853197027948,0.03388418591350061,False,375.82566182702664,31.57352709487872,6.64600791167954,0.26056133298738493
0.714225,0.9373031496062992,0.0508,0.0,0.07695942147648868,7.590549955628733,0.7617605103862776,0.03323871739825943,False,381.7084137640121,33.02954098739814,6.920943426518072,0.26453187864162236
0.7248416666666666,0.9512357830271215,0.0508,0.0,0.07992456346556198,7.4206598339978065,0.7447109439491061,0.03226765179726157,False,384.3902422826013,34.508487537486616,7.2955731526756455,0.2685266165842049
0.7354583333333333,0.9651684164479439,0.0508,0.0,0.08467541905114824,7.148455859867561,0.7173935243319851,0.03075759806251291,False,381.30158573032656,35.95665646771607,7.844494900804683,0.2725664856619606
0.746075,0.9791010498687664,0.0508,0.0,0.09317967946755366,6.661197630127362,0.6684940269376539,0.028195435313849555,False,365.8095096680571,37.16220490113499,8.761390351817994,0.27671084487392533
0.7566916666666667,0.9930336832895887,0.0508,0.0,0.11451752591614468,5.438629084724885,0.5458014098582555,0.02256272888481132,False,307.6636232464767,36.57541364462297,10.937173133040158,0.28127330164911796
