FAILED,M_tip,P_available_kW,P_required_kW,altitude_m,failure_reason,fuel_kg,fuel_used_kg,gross_weight_kg,payload_delta_kg,segment,stall_fraction,t_s,theta0_deg
,0.6000797242050633,760.0000084333419,589.5040336555012,0.0,,500.0,1.473760084138753,2700.0,,hover,0.0,0.0,22.316157047641646
,0.6000797242050633,760.0000084333419,589.0347952910997,0.0,,498.52623991586125,1.4725869882277494,2698.5262399158614,,hover,0.0,30.0,22.310388420991693
,0.6003845256318796,757.5402739169763,613.5632633267569,45.0,,497.0536529276335,1.533908158316892,2697.0536529276337,,climb,0.0,60.0,22.6790372215142
,0.6006897919888593,755.0860117735408,614.2363746215495,90.0,,495.5197447693166,1.5355909365538738,2695.5197447693167,,climb,0.0,90.0,22.71887626755745
,0.6009955244591774,752.6372153759111,614.95464577524,135.0,,493.98415383276273,1.5373866144380999,2693.984153832763,,climb,0.0,120.0,22.759378298155912
,0.6013017242302289,750.1938780982578,615.6345799493374,180.0,,492.4467672183246,1.5390864498733436,2692.4467672183246,,climb,0.0,150.0,22.799543584366294
,0.601608392493648,747.7559933160466,616.3179747056932,225.0,,490.90768076845126,1.540794936764233,2690.9076807684514,,climb,0.0,180.0,22.83987337415275
,0.601915530445327,745.3235544060362,617.0048344905085,270.0,,489.366885831687,1.5425120862262713,2689.3668858316873,,climb,0.0,210.0,22.880368467281688
,0.6021205506102021,743.7049506804382,617.2935707132191,300.0,,487.8243737454607,1.0288226178553652,2687.824373745461,,climb,0.0,240.0,22.905395533252936
,0.5218378105288417,743.7049506804382,121.66528141373121,300.0,,486.79555112760534,0.304163203534328,2686.7955511276054,,cruise,0.0,260.0,20.763834119808635
,0.5218378105288417,743.7049506804382,121.65547418086767,300.0,,486.49138792407103,0.30413868545216916,2686.491387924071,,cruise,0.0,290.0,20.763633285240456
,0.5218378105288417,743.7049506804382,121.64566531205249,300.0,,486.18724923861885,0.3041141632801312,2686.187249238619,,cruise,0.0,320.0,20.76343235012706
,0.5218378105288417,743.7049506804382,121.63586121814612,300.0,,485.8831350753387,0.3040896530453653,2685.883135075339,,cruise,0.0,350.0,20.763231504291248
,0.5218378105288417,743.7049506804382,121.62605461951127,300.0,,485.57904542229335,0.30406513654877815,2685.579045422294,,cruise,0.0,380.0,20.763030661514733
,0.5218378105288417,743.7049506804382,121.61624925549644,300.0,,485.27498028574456,0.3040406231387411,2685.274980285745,,cruise,0.0,410.0,20.76282975955031
,0.5218378105288417,743.7049506804382,121.60644556290134,300.0,,484.9709396626058,0.30401611390725336,2684.9709396626063,,cruise,0.0,440.0,20.762628927191617
,0.5218378105288417,743.7049506804382,121.59664402021758,300.0,,484.66692354869855,0.303991610050544,2684.666923548699,,cruise,0.0,470.0,20.762428136644203
,0.5218378105288417,743.7049506804382,121.58684059148614,300.0,,484.362931938648,0.3039671014787153,2684.362931938648,,cruise,0.0,500.0,20.762227295831522
,0.5218378105288417,743.7049506804382,121.57704339827173,300.0,,484.0589648371693,0.3039426084956793,2684.0589648371697,,cruise,0.0,530.0,20.762026602664058
,0.5218378105288417,743.7049506804382,121.56724781434369,300.0,,483.7550222286736,0.3039181195358592,2683.755022228674,,cruise,0.0,560.0,20.76182589633528
,0.5218378105288417,743.7049506804382,121.55744668141325,300.0,,483.45110410913776,0.3038936167035331,2683.451104109138,,cruise,0.0,590.0,20.761625061702077
,0.5218378105288417,743.7049506804382,121.54764373152553,300.0,,483.1472104924342,0.30386910932881384,2683.1472104924346,,cruise,0.0,620.0,20.76142425564283
,0.5218378105288417,743.7049506804382,121.53785205087793,300.0,,482.84334138310544,0.3038446301271948,2682.843341383106,,cruise,0.0,650.0,20.761223618849144
,0.5218378105288417,743.7049506804382,121.52805454688378,300.0,,482.53949675297827,0.3038201363672094,2682.5394967529787,,cruise,0.0,680.0,20.76102288870953
,0.5218378105288417,743.7049506804382,121.51825762934085,300.0,,482.23567661661104,0.30379564407335213,2682.2356766166117,,cruise,0.0,710.0,20.760822190256864
,0.5218378105288417,743.7049506804382,121.50846858988011,300.0,,481.93188097253767,0.3037711714747003,2681.9318809725382,,cruise,0.0,740.0,20.760621593287663
,0.5218378105288417,743.7049506804382,121.49867391212439,300.0,,481.628109801063,0.30374668478031097,2681.6281098010636,,cruise,0.0,770.0,20.76042089559413
,0.5218378105288417,743.7049506804382,121.48887777321357,300.0,,481.32436311628265,0.3037221944330339,2681.324363116283,,cruise,0.0,800.0,20.7602201827421
,0.5218378105288417,743.7049506804382,121.47908999168136,300.0,,481.02064092184963,0.3036977249792034,2681.02064092185,,cruise,0.0,830.0,20.760019624876204
,0.5218378105288417,743.7049506804382,121.46929854690546,300.0,,480.71694319687043,0.3036732463672636,2680.7169431968705,,cruise,0.0,860.0,20.75981898134398
,0.5218378105288417,743.7049506804382,121.45950988062327,300.0,,480.41326995050315,0.30364877470155816,2680.413269950503,,cruise,0.0,890.0,20.7596184172259
,0.5218378105288417,743.7049506804382,121.44972070163661,300.0,,480.1096211758016,0.3036243017540915,2680.1096211758013,,cruise,0.0,920.0,20.759417820010952
,0.5218378105288417,743.7049506804382,121.43993313671025,300.0,,479.8059968740475,0.3035998328417756,2679.805996874047,,cruise,0.0,950.0,20.7592172713538
,0.5218378105288417,743.7049506804382,121.43014926290927,300.0,,479.5023970412057,0.3035753731572732,2679.5023970412053,,cruise,0.0,980.0,20.75901673328918
,0.5218378105288417,743.7049506804382,121.42036372129965,300.0,,479.1988216680484,0.30355090930324913,2679.198821668048,,cruise,0.0,1010.0,20.75881619389265
,0.5218378105288417,743.7049506804382,121.41057903897082,300.0,,478.8952707587452,0.3035264475974271,2678.8952707587446,,cruise,0.0,1040.0,20.758615636184274
,0.5218378105288417,743.7049506804382,121.40079316991988,300.0,,478.59174431114775,0.3035019829247997,2678.591744311147,,cruise,0.0,1070.0,20.75841510802701
,0.5218378105288417,743.7049506804382,121.39101209964106,300.0,,478.28824232822296,0.3034775302491026,2678.288242328222,,cruise,0.0,1100.0,20.75821462415775
,0.5218378105288417,743.7049506804382,121.38122801226717,300.0,,477.98476479797387,0.3034530700306679,2677.984764797973,,cruise,0.0,1130.0,20.758014151455615
,0.5218378105288417,743.7049506804382,121.37144497256108,300.0,,477.6813117279432,0.3034286124314027,2677.6813117279426,,cruise,0.0,1160.0,20.757813692108975
,0.5218378105288417,743.7049506804382,121.36167544461611,300.0,,477.3778831155118,0.3034041886115403,2677.377883115511,,cruise,0.0,1190.0,20.757613331971598
,0.5218378105288417,743.7049506804382,121.3518911794858,300.0,,477.07447892690027,0.3033797279487145,2677.0744789268992,,cruise,0.0,1220.0,20.757412879318874
,0.5218378105288417,743.7049506804382,121.34211069197463,300.0,,476.77109919895156,0.30335527672993656,2676.7710991989507,,cruise,0.0,1250.0,20.757212400118107
,0.5218378105288417,743.7049506804382,121.33233509131976,300.0,,476.46774392222164,0.3033308377282994,2676.4677439222205,,cruise,0.0,1280.0,20.757012044133962
,0.5218378105288417,743.7049506804382,121.32255890967194,300.0,,476.16441308449333,0.30330639727417985,2676.164413084492,,cruise,0.0,1310.0,20.756811626019687
,0.5218378105288417,743.7049506804382,121.312784108651,300.0,,475.86110668721915,0.3032819602716275,2675.8611066872177,,cruise,0.0,1340.0,20.75661122125864
,0.5218378105288417,743.7049506804382,121.30301074287202,300.0,,475.5578247269475,0.30325752685718,2675.557824726946,,cruise,0.0,1370.0,20.756410934214447
,0.5218378105288417,743.7049506804382,121.2932363935309,300.0,,475.2545672000903,0.3032330909838272,2675.254567200089,,cruise,0.0,1400.0,20.756210586209292
,0.5218378105288417,743.7049506804382,121.28346351094036,300.0,,474.9513341091065,0.30320865877735087,2674.951334109105,,cruise,0.0,1430.0,20.756010266196853
,0.5218378105288417,743.7049506804382,121.27368585586092,300.0,,474.64812545032913,0.3031842146396523,2674.648125450328,,cruise,0.0,1460.0,20.755809878350792
,0.5218378105288417,743.7049506804382,121.26391947762696,300.0,,474.3449412356895,0.3031597986940674,2674.344941235688,,cruise,0.0,1490.0,20.755609578240072
,0.5218378105288417,743.7049506804382,121.25415283146069,300.0,,474.0417814369954,0.3031353820786517,2674.041781436994,,cruise,0.0,1520.0,20.755409332687858
,0.5218378105288417,743.7049506804382,121.24438520078269,300.0,,473.7386460549167,0.3031109630019567,2673.738646054915,,cruise,0.0,1550.0,20.755209086880004
,0.5218378105288417,743.7049506804382,121.23461726732631,300.0,,473.43553509191474,0.3030865431683158,2673.435535091913,,cruise,0.0,1580.0,20.755008875797134
,0.5218378105288417,743.7049506804382,121.2248489102619,300.0,,473.1324485487464,0.13775551012529866,2673.132448548745,,cruise,0.0,1610.0,20.754808654148935
,0.6018130988665198,746.1337626879167,564.9660222860101,255.0,,472.9946930386211,1.4124150557150252,2672.9946930386195,,descent,0.0,1623.6363636363637,22.155096299519574
,0.6015061176107348,748.5680161528254,563.3557413077135,210.0,,471.5822779829061,1.4083893532692837,2671.5822779829045,,descent,0.0,1653.6363636363637,22.10309840635046
,0.6011996056441045,751.0077176975379,561.7558460577072,165.0,,470.1738886296368,1.404389615144268,2670.1738886296353,,descent,0.0,1683.6363636363637,22.051371766578043
,0.600893561772158,753.4528739457265,560.1662767334917,120.0,,468.7694990144925,1.4004156918337292,2668.769499014491,,descent,0.0,1713.6363636363637,21.999914609204176
,0.6005879848046768,755.9034915223575,558.5869707084723,75.0,,467.36908332265875,1.3964674267711807,2667.3690833226574,,descent,0.0,1743.6363636363637,21.948725116483594
,0.6002828735556743,758.3595770536926,557.0178663659127,30.0,,465.9726158958876,1.3925446659147815,2665.972615895886,,descent,0.0,1773.6363636363637,21.89780151472159
,0.6000797242050633,760.0000084333419,555.8351756229954,0.0,,464.5800712299728,0.926391959371659,2664.5800712299715,,descent,0.0,1803.6363636363637,21.862180450450637
,0.6000797242050633,760.0000084333419,577.9796522286797,0.0,,463.6536792706012,1.4449491305716993,2663.6536792705997,,hover,0.0,1823.6363636363637,22.17373680846255
,,,,0.0,,462.2087301400295,,3562.208730140028,900.0,payload,,1853.6363636363637,
True,0.6003845256318796,757.5402739169763,925.2190930780182,45.0,power required 925.2 kW exceeds power available 757.5 kW,462.2087301400295,,3562.208730140028,,climb,0.0,1853.6363636363637,25.996823402552742
